<ImportExportXml xmlns:xsi="http://www.w3.org/2001/XMLSchema-instance">
  <Entities></Entities>
  <Roles></Roles>
  <Workflows></Workflows>
  <FieldSecurityProfiles></FieldSecurityProfiles>
  <Templates />
  <EntityMaps />
  <EntityRelationships />
  <OrganizationSettings />
  <optionsets />
  <CustomControls />
  <SolutionPluginAssemblies>
    <PluginAssembly FullName="AdvancedPluginDemo, Version=2.0.0.1, Culture=neutral, PublicKeyToken=f589431ce242b28b" PluginAssemblyId="13f2953e-02a9-4d7e-a9c2-77b6d65ec709" CustomizationLevel="1">
      <IsolationMode>2</IsolationMode>
      <SourceType>0</SourceType>
      <IntroducedVersion>1.0</IntroducedVersion>
      <FileName>/PluginAssemblies/AdvancedPluginDemo-13F2953E-02A9-4D7E-A9C2-77B6D65EC709/AdvancedPluginDemo.dll</FileName>
      <PluginTypes>
        <PluginType AssemblyQualifiedName="AdvancedPluginDemo.Plugins.Bound.Account.Create, AdvancedPluginDemo, Version=2.0.0.1, Culture=neutral, PublicKeyToken=f589431ce242b28b" PluginTypeId="4ed28b1b-004d-4646-b308-57e7654e43ab" Name="AdvancedPluginDemo.Plugins.Bound.Account.Create">
          <FriendlyName>91989284-0c56-434b-b38e-6ddb0153d8c3</FriendlyName>
        </PluginType>
        <PluginType AssemblyQualifiedName="AdvancedPluginDemo.Plugins.Bound.Account.Update, AdvancedPluginDemo, Version=2.0.0.1, Culture=neutral, PublicKeyToken=f589431ce242b28b" PluginTypeId="cdb75a8a-8d48-40ab-9e9f-317c8d3b4977" Name="AdvancedPluginDemo.Plugins.Bound.Account.Update">
          <FriendlyName>0e068411-a603-4c12-8345-300638652d69</FriendlyName>
        </PluginType>
        <PluginType AssemblyQualifiedName="AdvancedPluginDemo.Plugins.Bound.Contact.Create, AdvancedPluginDemo, Version=2.0.0.1, Culture=neutral, PublicKeyToken=f589431ce242b28b" PluginTypeId="e6058f57-09aa-47bd-983f-144c3798cf3b" Name="AdvancedPluginDemo.Plugins.Bound.Contact.Create">
          <FriendlyName>ae7ae3e8-a914-4515-91da-fce28247b8d7</FriendlyName>
        </PluginType>
        <PluginType AssemblyQualifiedName="AdvancedPluginDemo.Plugins.Bound.Contact.Update, AdvancedPluginDemo, Version=2.0.0.1, Culture=neutral, PublicKeyToken=f589431ce242b28b" PluginTypeId="770201a2-401a-45ce-a28a-807f9871c347" Name="AdvancedPluginDemo.Plugins.Bound.Contact.Update">
          <FriendlyName>7a7dade2-883d-474c-beca-7594d198c59d</FriendlyName>
        </PluginType>
        <PluginType AssemblyQualifiedName="AdvancedPluginDemo.Plugins.Bound.Email.Update, AdvancedPluginDemo, Version=2.0.0.1, Culture=neutral, PublicKeyToken=f589431ce242b28b" PluginTypeId="38916ce3-3a1c-4a1c-936b-696569229c61" Name="AdvancedPluginDemo.Plugins.Bound.Email.Update">
          <FriendlyName>3d17efbf-1c60-41b5-8fe2-862b95916494</FriendlyName>
        </PluginType>
      </PluginTypes>
    </PluginAssembly>
  </SolutionPluginAssemblies>
  <SdkMessageProcessingSteps>
    <SdkMessageProcessingStep Name="AdvancedPluginDemo. Account. Create. Post-operation. Async." SdkMessageProcessingStepId="{985037d4-df34-e811-824e-08002703f176}">
      <PluginTypeName>AdvancedPluginDemo.Plugins.Bound.Account.Create, AdvancedPluginDemo, Version=2.0.0.1, Culture=neutral, PublicKeyToken=f589431ce242b28b</PluginTypeName>
      <PluginTypeId>4ed28b1b-004d-4646-b308-57e7654e43ab</PluginTypeId>
      <PrimaryEntity>account</PrimaryEntity>
      <AsyncAutoDelete>1</AsyncAutoDelete>
      <Description>AdvancedPluginDemo.Plugins.Bound.Account.Create: Create of account</Description>
      <FilteringAttributes></FilteringAttributes>
      <InvocationSource>1</InvocationSource>
      <Mode>1</Mode>
      <Rank>10</Rank>
      <SdkMessageId>{9ebdbb1b-ea3e-db11-86a7-000a3a5473e8}</SdkMessageId>
      <EventHandlerTypeCode>4602</EventHandlerTypeCode>
      <Stage>40</Stage>
      <IsCustomizable>1</IsCustomizable>
      <IsHidden>0</IsHidden>
      <SupportedDeployment>0</SupportedDeployment>
      <IntroducedVersion>1.0</IntroducedVersion>
      <SdkMessageProcessingStepImages />
    </SdkMessageProcessingStep>
    <SdkMessageProcessingStep Name="AdvancedPluginDemo. Account. Create. Post-operation. Sync." SdkMessageProcessingStepId="{5e9deabe-dd34-e811-824e-08002703f176}">
      <PluginTypeName>AdvancedPluginDemo.Plugins.Bound.Account.Create, AdvancedPluginDemo, Version=2.0.0.1, Culture=neutral, PublicKeyToken=f589431ce242b28b</PluginTypeName>
      <PluginTypeId>4ed28b1b-004d-4646-b308-57e7654e43ab</PluginTypeId>
      <PrimaryEntity>account</PrimaryEntity>
      <AsyncAutoDelete>0</AsyncAutoDelete>
      <FilteringAttributes></FilteringAttributes>
      <InvocationSource>1</InvocationSource>
      <Mode>0</Mode>
      <Rank>10</Rank>
      <SdkMessageId>{9ebdbb1b-ea3e-db11-86a7-000a3a5473e8}</SdkMessageId>
      <EventHandlerTypeCode>4602</EventHandlerTypeCode>
      <Stage>40</Stage>
      <IsCustomizable>1</IsCustomizable>
      <IsHidden>0</IsHidden>
      <SupportedDeployment>0</SupportedDeployment>
      <IntroducedVersion>1.0</IntroducedVersion>
      <SdkMessageProcessingStepImages />
    </SdkMessageProcessingStep>
    <SdkMessageProcessingStep Name="AdvancedPluginDemo. Account. Create. Pre-operation. Sync." SdkMessageProcessingStepId="{97fd3097-dd34-e811-824e-08002703f176}">
      <PluginTypeName>AdvancedPluginDemo.Plugins.Bound.Account.Create, AdvancedPluginDemo, Version=2.0.0.1, Culture=neutral, PublicKeyToken=f589431ce242b28b</PluginTypeName>
      <PluginTypeId>4ed28b1b-004d-4646-b308-57e7654e43ab</PluginTypeId>
      <PrimaryEntity>account</PrimaryEntity>
      <AsyncAutoDelete>0</AsyncAutoDelete>
      <FilteringAttributes></FilteringAttributes>
      <InvocationSource>1</InvocationSource>
      <Mode>0</Mode>
      <Rank>10</Rank>
      <SdkMessageId>{9ebdbb1b-ea3e-db11-86a7-000a3a5473e8}</SdkMessageId>
      <EventHandlerTypeCode>4602</EventHandlerTypeCode>
      <Stage>20</Stage>
      <IsCustomizable>1</IsCustomizable>
      <IsHidden>0</IsHidden>
      <SupportedDeployment>0</SupportedDeployment>
      <IntroducedVersion>1.0</IntroducedVersion>
      <SdkMessageProcessingStepImages />
    </SdkMessageProcessingStep>
    <SdkMessageProcessingStep Name="AdvancedPluginDemo. Account. Create. Pre-validation. Sync." SdkMessageProcessingStepId="{7e739d5c-7830-e811-8248-08002703f176}">
      <PluginTypeName>AdvancedPluginDemo.Plugins.Bound.Account.Create, AdvancedPluginDemo, Version=2.0.0.1, Culture=neutral, PublicKeyToken=f589431ce242b28b</PluginTypeName>
      <PluginTypeId>4ed28b1b-004d-4646-b308-57e7654e43ab</PluginTypeId>
      <PrimaryEntity>account</PrimaryEntity>
      <AsyncAutoDelete>0</AsyncAutoDelete>
      <FilteringAttributes></FilteringAttributes>
      <InvocationSource>0</InvocationSource>
      <Mode>0</Mode>
      <Rank>10</Rank>
      <SdkMessageId>{9ebdbb1b-ea3e-db11-86a7-000a3a5473e8}</SdkMessageId>
      <EventHandlerTypeCode>4602</EventHandlerTypeCode>
      <Stage>10</Stage>
      <IsCustomizable>1</IsCustomizable>
      <IsHidden>0</IsHidden>
      <SupportedDeployment>0</SupportedDeployment>
      <IntroducedVersion>1.0</IntroducedVersion>
      <SdkMessageProcessingStepImages />
    </SdkMessageProcessingStep>
    <SdkMessageProcessingStep Name="AdvancedPluginDemo. Account. Update. Post-operation. Async." SdkMessageProcessingStepId="{8eeec316-e334-e811-824e-08002703f176}">
      <PluginTypeName>AdvancedPluginDemo.Plugins.Bound.Account.Update, AdvancedPluginDemo, Version=2.0.0.1, Culture=neutral, PublicKeyToken=f589431ce242b28b</PluginTypeName>
      <PluginTypeId>cdb75a8a-8d48-40ab-9e9f-317c8d3b4977</PluginTypeId>
      <PrimaryEntity>account</PrimaryEntity>
      <AsyncAutoDelete>1</AsyncAutoDelete>
      <FilteringAttributes>name,primarycontactid</FilteringAttributes>
      <InvocationSource>1</InvocationSource>
      <Mode>1</Mode>
      <Rank>15</Rank>
      <SdkMessageId>{20bebb1b-ea3e-db11-86a7-000a3a5473e8}</SdkMessageId>
      <EventHandlerTypeCode>4602</EventHandlerTypeCode>
      <Stage>40</Stage>
      <IsCustomizable>1</IsCustomizable>
      <IsHidden>0</IsHidden>
      <SupportedDeployment>0</SupportedDeployment>
      <IntroducedVersion>1.0</IntroducedVersion>
      <SdkMessageProcessingStepImages />
    </SdkMessageProcessingStep>
    <SdkMessageProcessingStep Name="AdvancedPluginDemo. Account. Update. Post-operation. Sync." SdkMessageProcessingStepId="{79e98b1c-e234-e811-824e-08002703f176}">
      <PluginTypeName>AdvancedPluginDemo.Plugins.Bound.Account.Update, AdvancedPluginDemo, Version=2.0.0.1, Culture=neutral, PublicKeyToken=f589431ce242b28b</PluginTypeName>
      <PluginTypeId>cdb75a8a-8d48-40ab-9e9f-317c8d3b4977</PluginTypeId>
      <PrimaryEntity>account</PrimaryEntity>
      <AsyncAutoDelete>0</AsyncAutoDelete>
      <FilteringAttributes>name,parentaccountid</FilteringAttributes>
      <InvocationSource>1</InvocationSource>
      <Mode>0</Mode>
      <Rank>10</Rank>
      <SdkMessageId>{20bebb1b-ea3e-db11-86a7-000a3a5473e8}</SdkMessageId>
      <EventHandlerTypeCode>4602</EventHandlerTypeCode>
      <Stage>40</Stage>
      <IsCustomizable>1</IsCustomizable>
      <IsHidden>0</IsHidden>
      <SupportedDeployment>0</SupportedDeployment>
      <IntroducedVersion>1.0</IntroducedVersion>
      <SdkMessageProcessingStepImages>
        <SdkMessageProcessingStepImage Name="PreImage">
          <SdkMessageProcessingStepImageId>{bf994a88-e234-e811-824e-08002703f176}</SdkMessageProcessingStepImageId>
          <Attributes>fax,name,ownerid,parentaccountid</Attributes>
          <EntityAlias>PreImage</EntityAlias>
          <ImageType>0</ImageType>
          <MessagePropertyName>Target</MessagePropertyName>
          <IsCustomizable>1</IsCustomizable>
        </SdkMessageProcessingStepImage>
      </SdkMessageProcessingStepImages>
    </SdkMessageProcessingStep>
    <SdkMessageProcessingStep Name="AdvancedPluginDemo. Account. Update. Pre-operation. Sync." SdkMessageProcessingStepId="{ca511738-3531-e811-8248-08002703f176}">
      <PluginTypeName>AdvancedPluginDemo.Plugins.Bound.Account.Update, AdvancedPluginDemo, Version=2.0.0.1, Culture=neutral, PublicKeyToken=f589431ce242b28b</PluginTypeName>
      <PluginTypeId>cdb75a8a-8d48-40ab-9e9f-317c8d3b4977</PluginTypeId>
      <PrimaryEntity>account</PrimaryEntity>
      <AsyncAutoDelete>0</AsyncAutoDelete>
      <Configuration>CustomVerboseLogSwitchedOn</Configuration>
      <FilteringAttributes>fax,name,ownerid,parentaccountid,statecode</FilteringAttributes>
      <InvocationSource>1</InvocationSource>
      <Mode>0</Mode>
      <Rank>10</Rank>
      <SdkMessageId>{20bebb1b-ea3e-db11-86a7-000a3a5473e8}</SdkMessageId>
      <EventHandlerTypeCode>4602</EventHandlerTypeCode>
      <Stage>20</Stage>
      <IsCustomizable>1</IsCustomizable>
      <IsHidden>0</IsHidden>
      <SupportedDeployment>0</SupportedDeployment>
      <IntroducedVersion>1.0</IntroducedVersion>
      <SdkMessageProcessingStepImages>
        <SdkMessageProcessingStepImage Name="PreImage">
          <SdkMessageProcessingStepImageId>{09abdbca-3531-e811-8248-08002703f176}</SdkMessageProcessingStepImageId>
          <Attributes>fax,name,ownerid,parentaccountid,statecode</Attributes>
          <EntityAlias>PreImage</EntityAlias>
          <ImageType>0</ImageType>
          <MessagePropertyName>Target</MessagePropertyName>
          <IsCustomizable>1</IsCustomizable>
        </SdkMessageProcessingStepImage>
      </SdkMessageProcessingStepImages>
    </SdkMessageProcessingStep>
    <SdkMessageProcessingStep Name="AdvancedPluginDemo. Account. Update. Pre-validation. Sync." SdkMessageProcessingStepId="{2966994f-7a30-e811-8248-08002703f176}">
      <PluginTypeName>AdvancedPluginDemo.Plugins.Bound.Account.Update, AdvancedPluginDemo, Version=2.0.0.1, Culture=neutral, PublicKeyToken=f589431ce242b28b</PluginTypeName>
      <PluginTypeId>cdb75a8a-8d48-40ab-9e9f-317c8d3b4977</PluginTypeId>
      <PrimaryEntity>account</PrimaryEntity>
      <AsyncAutoDelete>0</AsyncAutoDelete>
      <Configuration>CustomVerboseLogSwitchedOn</Configuration>
      <FilteringAttributes>name,primarycontactid,statecode</FilteringAttributes>
      <InvocationSource>0</InvocationSource>
      <Mode>0</Mode>
      <Rank>10</Rank>
      <SdkMessageId>{20bebb1b-ea3e-db11-86a7-000a3a5473e8}</SdkMessageId>
      <EventHandlerTypeCode>4602</EventHandlerTypeCode>
      <Stage>10</Stage>
      <IsCustomizable>1</IsCustomizable>
      <IsHidden>0</IsHidden>
      <SupportedDeployment>0</SupportedDeployment>
      <IntroducedVersion>1.0</IntroducedVersion>
      <SdkMessageProcessingStepImages>
        <SdkMessageProcessingStepImage Name="PreImage">
          <SdkMessageProcessingStepImageId>{f388ee98-7a30-e811-8248-08002703f176}</SdkMessageProcessingStepImageId>
          <Attributes>name,primarycontactid,statecode,statuscode</Attributes>
          <EntityAlias>PreImage</EntityAlias>
          <ImageType>0</ImageType>
          <MessagePropertyName>Target</MessagePropertyName>
          <IsCustomizable>1</IsCustomizable>
        </SdkMessageProcessingStepImage>
      </SdkMessageProcessingStepImages>
    </SdkMessageProcessingStep>
    <SdkMessageProcessingStep Name="AdvancedPluginDemo. Contact. Create. Post-operation. Sync." SdkMessageProcessingStepId="{9557ddd5-ff17-e911-a950-000d3a43ede7}">
      <PluginTypeName>AdvancedPluginDemo.Plugins.Bound.Contact.Create, AdvancedPluginDemo, Version=2.0.0.1, Culture=neutral, PublicKeyToken=f589431ce242b28b</PluginTypeName>
      <PluginTypeId>e6058f57-09aa-47bd-983f-144c3798cf3b</PluginTypeId>
      <PrimaryEntity>contact</PrimaryEntity>
      <AsyncAutoDelete>0</AsyncAutoDelete>
      <FilteringAttributes></FilteringAttributes>
      <InvocationSource>1</InvocationSource>
      <Mode>0</Mode>
      <Rank>1</Rank>
      <SdkMessageId>{9ebdbb1b-ea3e-db11-86a7-000a3a5473e8}</SdkMessageId>
      <EventHandlerTypeCode>4602</EventHandlerTypeCode>
      <Stage>40</Stage>
      <IsCustomizable>1</IsCustomizable>
      <IsHidden>0</IsHidden>
      <SupportedDeployment>0</SupportedDeployment>
      <IntroducedVersion>1.0</IntroducedVersion>
      <SdkMessageProcessingStepImages />
    </SdkMessageProcessingStep>
    <SdkMessageProcessingStep Name="AdvancedPluginDemo. Contact. Create. Pre-validation. Sync." SdkMessageProcessingStepId="{14c742e3-ff17-e911-a950-000d3a3a1c83}">
      <PluginTypeName>AdvancedPluginDemo.Plugins.Bound.Contact.Create, AdvancedPluginDemo, Version=2.0.0.1, Culture=neutral, PublicKeyToken=f589431ce242b28b</PluginTypeName>
      <PluginTypeId>e6058f57-09aa-47bd-983f-144c3798cf3b</PluginTypeId>
      <PrimaryEntity>contact</PrimaryEntity>
      <AsyncAutoDelete>0</AsyncAutoDelete>
      <FilteringAttributes></FilteringAttributes>
      <InvocationSource>0</InvocationSource>
      <Mode>0</Mode>
      <Rank>1</Rank>
      <SdkMessageId>{9ebdbb1b-ea3e-db11-86a7-000a3a5473e8}</SdkMessageId>
      <EventHandlerTypeCode>4602</EventHandlerTypeCode>
      <Stage>10</Stage>
      <IsCustomizable>1</IsCustomizable>
      <IsHidden>0</IsHidden>
      <SupportedDeployment>0</SupportedDeployment>
      <IntroducedVersion>1.0</IntroducedVersion>
      <SdkMessageProcessingStepImages />
    </SdkMessageProcessingStep>
    <SdkMessageProcessingStep Name="AdvancedPluginDemo. Contact. Update. Post-operation. Sync." SdkMessageProcessingStepId="{9f477ddf-fe17-e911-a955-000d3a43e7c7}">
      <PluginTypeName>AdvancedPluginDemo.Plugins.Bound.Contact.Update, AdvancedPluginDemo, Version=2.0.0.1, Culture=neutral, PublicKeyToken=f589431ce242b28b</PluginTypeName>
      <PluginTypeId>770201a2-401a-45ce-a28a-807f9871c347</PluginTypeId>
      <PrimaryEntity>contact</PrimaryEntity>
      <AsyncAutoDelete>0</AsyncAutoDelete>
      <FilteringAttributes>parentcustomerid</FilteringAttributes>
      <InvocationSource>1</InvocationSource>
      <Mode>0</Mode>
      <Rank>1</Rank>
      <SdkMessageId>{20bebb1b-ea3e-db11-86a7-000a3a5473e8}</SdkMessageId>
      <EventHandlerTypeCode>4602</EventHandlerTypeCode>
      <Stage>40</Stage>
      <IsCustomizable>1</IsCustomizable>
      <IsHidden>0</IsHidden>
      <SupportedDeployment>0</SupportedDeployment>
      <IntroducedVersion>1.0</IntroducedVersion>
      <SdkMessageProcessingStepImages>
        <SdkMessageProcessingStepImage Name="PreImage">
          <SdkMessageProcessingStepImageId>{59d31c13-ff17-e911-a94f-000d3a3a161e}</SdkMessageProcessingStepImageId>
          <Attributes>parentcustomerid</Attributes>
          <EntityAlias>PreImage</EntityAlias>
          <ImageType>0</ImageType>
          <MessagePropertyName>Target</MessagePropertyName>
          <IsCustomizable>1</IsCustomizable>
        </SdkMessageProcessingStepImage>
      </SdkMessageProcessingStepImages>
    </SdkMessageProcessingStep>
    <SdkMessageProcessingStep Name="AdvancedPluginDemo. Contact. Update. Pre-validation. Sync." SdkMessageProcessingStepId="{580fa67b-ff17-e911-a94f-000d3a3a161e}">
      <PluginTypeName>AdvancedPluginDemo.Plugins.Bound.Contact.Update, AdvancedPluginDemo, Version=2.0.0.1, Culture=neutral, PublicKeyToken=f589431ce242b28b</PluginTypeName>
      <PluginTypeId>770201a2-401a-45ce-a28a-807f9871c347</PluginTypeId>
      <PrimaryEntity>contact</PrimaryEntity>
      <AsyncAutoDelete>0</AsyncAutoDelete>
      <FilteringAttributes>transactioncurrencyid,emailaddress1,jobtitle,mobilephone</FilteringAttributes>
      <InvocationSource>0</InvocationSource>
      <Mode>0</Mode>
      <Rank>1</Rank>
      <SdkMessageId>{20bebb1b-ea3e-db11-86a7-000a3a5473e8}</SdkMessageId>
      <EventHandlerTypeCode>4602</EventHandlerTypeCode>
      <Stage>10</Stage>
      <IsCustomizable>1</IsCustomizable>
      <IsHidden>0</IsHidden>
      <SupportedDeployment>0</SupportedDeployment>
      <IntroducedVersion>1.0</IntroducedVersion>
      <SdkMessageProcessingStepImages>
        <SdkMessageProcessingStepImage Name="PreImage">
          <SdkMessageProcessingStepImageId>{29cd52a3-ff17-e911-a94f-000d3a3a161e}</SdkMessageProcessingStepImageId>
          <Attributes>transactioncurrencyid,emailaddress1,jobtitle,mobilephone</Attributes>
          <EntityAlias>PreImage</EntityAlias>
          <ImageType>0</ImageType>
          <MessagePropertyName>Target</MessagePropertyName>
          <IsCustomizable>1</IsCustomizable>
        </SdkMessageProcessingStepImage>
      </SdkMessageProcessingStepImages>
    </SdkMessageProcessingStep>
    <SdkMessageProcessingStep Name="AdvancedPluginDemo. Email. Update. Pre-operation. Sync." SdkMessageProcessingStepId="{39857e7d-0018-e911-a952-000d3a43ec06}">
      <PluginTypeName>AdvancedPluginDemo.Plugins.Bound.Email.Update, AdvancedPluginDemo, Version=2.0.0.1, Culture=neutral, PublicKeyToken=f589431ce242b28b</PluginTypeName>
      <PluginTypeId>38916ce3-3a1c-4a1c-936b-696569229c61</PluginTypeId>
      <PrimaryEntity>email</PrimaryEntity>
      <AsyncAutoDelete>0</AsyncAutoDelete>
      <FilteringAttributes>cc,to</FilteringAttributes>
      <InvocationSource>1</InvocationSource>
      <Mode>0</Mode>
      <Rank>1</Rank>
      <SdkMessageId>{20bebb1b-ea3e-db11-86a7-000a3a5473e8}</SdkMessageId>
      <EventHandlerTypeCode>4602</EventHandlerTypeCode>
      <Stage>20</Stage>
      <IsCustomizable>1</IsCustomizable>
      <IsHidden>0</IsHidden>
      <SupportedDeployment>0</SupportedDeployment>
      <IntroducedVersion>1.0</IntroducedVersion>
      <SdkMessageProcessingStepImages>
        <SdkMessageProcessingStepImage Name="PreImage">
          <SdkMessageProcessingStepImageId>{8b5fca93-0018-e911-a952-000d3a43ec06}</SdkMessageProcessingStepImageId>
          <Attributes>cc,to</Attributes>
          <EntityAlias>PreImage</EntityAlias>
          <ImageType>0</ImageType>
          <MessagePropertyName>Target</MessagePropertyName>
          <IsCustomizable>1</IsCustomizable>
        </SdkMessageProcessingStepImage>
      </SdkMessageProcessingStepImages>
    </SdkMessageProcessingStep>
  </SdkMessageProcessingSteps>
  <EntityDataProviders />
  <Languages>
    <Language>1033</Language>
  </Languages>
</ImportExportXml>