<ImportExportXml xmlns:xsi="http://www.w3.org/2001/XMLSchema-instance">
  <Entities>
    <Entity>
      <Name LocalizedName="Account" OriginalName="Account">Account</Name>
      <ObjectTypeCode>1</ObjectTypeCode>
      <EntityInfo>
        <entity Name="Account" unmodified="1">
          <attributes />
        </entity>
      </EntityInfo>
      <FormXml>
        <forms type="main">
          <systemform>
            <formid>{6a70f15c-aeb9-4401-bf75-2bae44b37b69}</formid>
            <IntroducedVersion>1.0</IntroducedVersion>
            <FormPresentation>1</FormPresentation>
            <FormActivationState>1</FormActivationState>
            <form showImage="true">
              <ancestor id="{8448b78f-8f42-454e-8e2a-f8196b0419af}" />
              <hiddencontrols>
                <data id="address1_addressid" datafieldname="address1_addressid" classid="{5546E6CD-394C-4bee-94A8-4425E17EF6C6}" />
                <data id="address2_addressid" datafieldname="address2_addressid" classid="{5546E6CD-394C-4bee-94A8-4425E17EF6C6}" />
              </hiddencontrols>
              <tabs>
                <tab name="SUMMARY_TAB" id="{3b0b63a9-d379-689a-0ec3-e71eb4c6a841}" IsUserDefined="0" showlabel="true" expanded="true" locklevel="0" labelid="{93d8edd4-c688-4a3d-97ce-cc233c5b1446}">
                  <labels>
                    <label description="Summary" languagecode="1033" />
                  </labels>
                  <columns>
                    <column width="28%">
                      <sections>
                        <section name="ACCOUNT_INFORMATION" showlabel="true" showbar="false" id="{0eb92e6c-bcb8-0d52-a188-d81543ddb7cd}" IsUserDefined="0" layout="varwidth" columns="1" labelwidth="115" celllabelposition="Left" labelid="{1d7d2d19-a732-4630-b77c-c3999f9cb821}">
                          <labels>
                            <label description="ACCOUNT INFORMATION" languagecode="1033" />
                          </labels>
                          <rows>
                            <row>
                              <cell id="{b0e82a7e-5683-d90c-308a-0d779377ea8a}" showlabel="true" labelid="{b42ec49f-9cce-4bcf-90d7-f51fc3b22a68}">
                                <labels>
                                  <label description="Account Name" languagecode="1033" />
                                </labels>
                                <control id="name" classid="{4273EDBD-AC1D-40d3-9FB2-095C621B552D}" datafieldname="name" disabled="false" />
                              </cell>
                            </row>
                            <row>
                              <cell id="{425ab983-258e-981d-ad75-c6d909a5814e}" showlabel="true" locklevel="0">
                                <labels>
                                  <label description="Relationship Type" languagecode="1033" />
                                </labels>
                                <control id="customertypecode" classid="{3EF39988-22BB-4f0b-BBBE-64B5A3748AEE}" datafieldname="customertypecode" disabled="false" />
                              </cell>
                            </row>
                            <row>
                              <cell id="{3441a91e-47c5-672c-7a20-902d6baa9036}" showlabel="true" labelid="{f97771a3-06ad-4c30-b14c-6b8c45183acc}">
                                <labels>
                                  <label description="Phone" languagecode="1033" />
                                </labels>
                                <control id="telephone1" classid="{4273EDBD-AC1D-40d3-9FB2-095C621B552D}" datafieldname="telephone1" disabled="false" />
                              </cell>
                            </row>
                            <row>
                              <cell id="{4395a533-44c3-97ca-07eb-a1d4563a8ab0}" showlabel="true" locklevel="0">
                                <labels>
                                  <label description="Other Phone" languagecode="1033" />
                                </labels>
                                <control id="telephone2" classid="{4273EDBD-AC1D-40d3-9FB2-095C621B552D}" datafieldname="telephone2" disabled="false" />
                              </cell>
                            </row>
                            <row>
                              <cell id="{8b98a55e-a345-b20e-d46e-801e79d5c1c1}" showlabel="true" labelid="{406d0bbd-18e9-4df7-8ac8-6cb51fb87e0a}">
                                <labels>
                                  <label description="Fax" languagecode="1033" />
                                </labels>
                                <control id="fax" classid="{4273EDBD-AC1D-40d3-9FB2-095C621B552D}" datafieldname="fax" disabled="false" />
                              </cell>
                            </row>
                            <row>
                              <cell id="{e6441984-4343-813a-aa7e-e2747ad35390}" showlabel="true" labelid="{13459a68-b0e2-436a-8fe0-f7f6b059caff}">
                                <labels>
                                  <label description="Website" languagecode="1033" />
                                </labels>
                                <control id="websiteurl" classid="{71716B6C-711E-476c-8AB8-5D11542BFB47}" datafieldname="websiteurl" disabled="false" />
                              </cell>
                            </row>
                            <row>
                              <cell id="{87DE203E-B03C-44CC-8B06-438202B82553}" labelid="{f7539ffd-1767-4ec2-b662-8047544ba9bd}">
                                <labels>
                                  <label description="Parent Account" languagecode="1033" />
                                </labels>
                                <events>
                                  <event name="setadditionalparams" application="true" active="true">
                                    <InternalHandlers>
                                      <Handler functionName="Mscrm.parentaccountid_setadditionalparams" libraryName="Account_main_system_library.js" handlerUniqueId="c5cc10db-58ac-4611-a529-c1ff599707b1" enabled="true" passExecutionContext="true" />
                                    </InternalHandlers>
                                  </event>
                                </events>
                                <control id="parentaccountid" classid="{270BD3DB-D9AF-4782-9025-509E298DEC0A}" datafieldname="parentaccountid" />
                              </cell>
                            </row>
                            <row>
                              <cell id="{5f38af3a-3307-47dc-b36d-d9a5de525e6e}" showlabel="true" labelid="{20d4e708-6ad4-42b7-9bca-3ecde92c6cc8}">
                                <labels>
                                  <label description="Ticker Symbol" languagecode="1033" />
                                </labels>
                                <control id="tickersymbol" classid="{1E1FC551-F7A8-43af-AC34-A8DC35C7B6D4}" datafieldname="tickersymbol" disabled="false" />
                              </cell>
                            </row>
                          </rows>
                        </section>
                        <section name="ADDRESS" showlabel="true" locklevel="0" showbar="false" id="{cc0fe06e-4b5f-4648-A62d-84d1514e1fc5}" IsUserDefined="0" layout="varwidth" columns="1" labelwidth="115" celllabelposition="Left" labelid="{f640c10f-fe74-45e3-bfc3-49a37adf2d1a}">
                          <labels>
                            <label description="ADDRESS" languagecode="1033" />
                          </labels>
                          <rows>
                            <row>
                              <cell id="{4913500e-605a-809b-e99e-69e2710d09bd}" showlabel="false" locklevel="0" labelid="{c0124032-0b48-4197-b481-06c584c1d02f}">
                                <labels>
                                  <label description="Address 1" languagecode="1033" />
                                </labels>
                                <control id="address1_composite" classid="{E0DECE4B-6FC8-4a8f-A065-082708572369}" datafieldname="address1_composite" disabled="false" />
                              </cell>
                            </row>
                          </rows>
                        </section>
                        <section name="MapSection" showlabel="false" showbar="false" id="{e1c565b8-7db7-4a44-b4e7-281614ff849b}" IsUserDefined="0" layout="varwidth" columns="1" labelwidth="115" celllabelposition="Left" labelid="{8c21f052-cfaf-4b03-beb3-f3d6b89214b7}">
                          <labels>
                            <label description="" languagecode="1033" />
                          </labels>
                          <rows>
                            <row>
                              <cell id="{2716b2d3-b8c9-d014-5898-893c61d3594d}" showlabel="true" locklevel="0">
                                <labels>
                                  <label description="Status" languagecode="1033" />
                                </labels>
                                <control id="statecode" classid="{3EF39988-22BB-4f0b-BBBE-64B5A3748AEE}" datafieldname="statecode" disabled="false" />
                              </cell>
                            </row>
                            <row>
                              <cell id="{a0a4787a-9ac1-2a54-cb3c-7383c3e52721}" showlabel="true" locklevel="0">
                                <labels>
                                  <label description="Status Reason" languagecode="1033" />
                                </labels>
                                <control id="statuscode" classid="{5D68B988-0661-4db2-BC3E-17598AD3BE6C}" datafieldname="statuscode" disabled="false" />
                              </cell>
                            </row>
                            <row>
                              <cell id="{2a2735ac-5150-b137-0cce-22825c8939a7}" showlabel="true" locklevel="0">
                                <labels>
                                  <label description="Owner" languagecode="1033" />
                                </labels>
                                <control id="ownerid" classid="{270BD3DB-D9AF-4782-9025-509E298DEC0A}" datafieldname="ownerid" disabled="false" />
                              </cell>
                            </row>
                            <row>
                              <cell id="{6dddb7a6-5e41-6282-ae27-b3119a7b0170}" showlabel="true" locklevel="0">
                                <labels>
                                  <label description="Territory" languagecode="1033" />
                                </labels>
                                <control id="territoryid" classid="{270BD3DB-D9AF-4782-9025-509E298DEC0A}" datafieldname="territoryid" disabled="false" />
                              </cell>
                            </row>
                            <row>
                              <cell id="{39cc9866-a337-1995-9491-93ea55808212}" showlabel="true" locklevel="0">
                                <labels>
                                  <label description="Primary Twitter ID" languagecode="1033" />
                                </labels>
                                <control id="primarytwitterid" classid="{4273EDBD-AC1D-40d3-9FB2-095C621B552D}" datafieldname="primarytwitterid" disabled="false" />
                              </cell>
                            </row>
                          </rows>
                        </section>
                      </sections>
                    </column>
                    <column width="44%">
                      <sections>
                        <section name="SOCIAL_PANE_TAB" showlabel="false" showbar="false" id="{7a073b7c-5422-2418-3d26-b2a7eb290832}" IsUserDefined="0" layout="varwidth" columns="1" labelwidth="115" celllabelposition="Top" locklevel="0" celllabelalignment="Left" labelid="{8626c3c4-d1f6-4a03-9709-bad18ddcbc96}">
                          <labels>
                            <label description="SOCIAL PANE" languagecode="1033" />
                          </labels>
                          <rows>
                            <row height="stdwithlabel">
                              <cell id="{7e87ab43-7321-21c7-5704-24c5c38000c6}" showlabel="false" rowspan="23" auto="false" colspan="1" labelid="{7c035856-c56b-4274-8486-9e7fbc11faef}">
                                <labels>
                                  <label description="" languagecode="1033" />
                                </labels>
                                <control id="notescontrol" classid="{06375649-c143-495e-a496-c962e5b4488e}" disabled="false" />
                              </cell>
                            </row>
                            <row />
                            <row />
                            <row />
                            <row />
                            <row />
                            <row />
                            <row />
                            <row />
                            <row />
                            <row />
                            <row />
                            <row />
                            <row />
                            <row />
                            <row />
                            <row />
                            <row />
                            <row />
                            <row />
                            <row />
                            <row />
                            <row />
                          </rows>
                        </section>
                      </sections>
                    </column>
                    <column width="28%">
                      <sections>
                        <section name="SUMMARY_TAB_section_6" showlabel="false" showbar="false" locklevel="0" id="{d4c3ee9c-ba71-5cdb-31be-2aa505750472}" IsUserDefined="0" layout="varwidth" columns="1" labelwidth="115" celllabelalignment="Left" celllabelposition="Top" labelid="{af7aa86b-a9f2-43df-bff5-df75356cef86}">
                          <labels>
                            <label description="Section" languagecode="1033" />
                          </labels>
                          <rows>
                            <row>
                              <cell id="{b187688c-8410-5990-16ec-e153968ab583}" showlabel="true" locklevel="0" labelid="{7cd76aa9-ac51-41c0-886c-98d5681ab70a}">
                                <labels>
                                  <label description="Primary Contact" languagecode="1033" />
                                </labels>
                                <control id="primarycontactid" classid="{270BD3DB-D9AF-4782-9025-509E298DEC0A}" datafieldname="primarycontactid" disabled="false">
                                  <parameters>
                                    <FilterRelationshipName>contact_customer_accounts</FilterRelationshipName>
                                    <DependentAttributeName>contact.parentcustomerid</DependentAttributeName>
                                    <DependentAttributeType>account</DependentAttributeType>
                                    <AllowFilterOff>true</AllowFilterOff>
                                    <AutoResolve>true</AutoResolve>
                                    <DisableMru>false</DisableMru>
                                    <DisableQuickFind>false</DisableQuickFind>
                                    <DisableViewPicker>false</DisableViewPicker>
                                    <DefaultViewId>{A2D479C5-53E3-4C69-ADDD-802327E67A0D}</DefaultViewId>
                                  </parameters>
                                </control>
                              </cell>
                            </row>
                            <row>
                              <cell id="{0F664FFF-E39E-4676-9191-CBA16972B21D}" colspan="1" showlabel="false" labelid="{791dd2af-2fae-4fa7-a8b6-3548ae9b071e}">
                                <labels>
                                  <label description="Primary Contact" languagecode="1033" />
                                </labels>
                                <control id="contactquickform" classid="{5C5600E0-1D6E-4205-A272-BE80DA87FD42}" datafieldname="primarycontactid" disabled="false">
                                  <parameters>
                                    <QuickForms>&lt;QuickFormIds&gt;&lt;QuickFormId entityname="contact"&gt;29DE27BC-A257-4F29-99CF-BAB4A84E688F&lt;/QuickFormId&gt;&lt;/QuickFormIds&gt;</QuickForms>
                                    <ControlMode>Edit</ControlMode>
                                  </parameters>
                                </control>
                              </cell>
                            </row>
                            <row>
                              <cell id="{8e24c7e3-6a40-5abb-eadb-254eba5478e2}" showlabel="true" colspan="1" auto="false" rowspan="7" labelid="{d1b5933f-4a78-4dae-b527-a0b3dd296a66}">
                                <labels>
                                  <label description="CONTACTS" languagecode="1033" />
                                </labels>
                                <control id="Contacts" classid="{E7A81278-8635-4d9e-8D4D-59480B391C5B}">
                                  <parameters>
                                    <ViewId>{73BC2D9B-4E0E-424C-8839-ED59D6817E3A}</ViewId>
                                    <IsUserView>false</IsUserView>
                                    <RelationshipName>contact_customer_accounts</RelationshipName>
                                    <TargetEntityType>contact</TargetEntityType>
                                    <AutoExpand>Auto</AutoExpand>
                                    <EnableQuickFind>false</EnableQuickFind>
                                    <EnableViewPicker>false</EnableViewPicker>
                                    <ViewIds />
                                    <EnableJumpBar>false</EnableJumpBar>
                                    <ChartGridMode>Grid</ChartGridMode>
                                    <VisualizationId />
                                    <IsUserChart>false</IsUserChart>
                                    <EnableChartPicker>false</EnableChartPicker>
                                    <RecordsPerPage>6</RecordsPerPage>
                                  </parameters>
                                </control>
                              </cell>
                            </row>
                            <row />
                            <row />
                            <row />
                            <row />
                            <row />
                            <row />
                            <row>
                              <cell id="{245158ED-C47A-4BB5-AAC7-E8C96A655801}" showlabel="true" rowspan="8" colspan="1" auto="false" labelid="{06045a00-4d37-4fda-96f5-6e1eb56f1be6}">
                                <labels>
                                  <label description="RECENT OPPORTUNITIES" languagecode="1033" />
                                </labels>
                                <control id="accountopportunitiesgrid" classid="{E7A81278-8635-4d9e-8D4D-59480B391C5B}">
                                  <parameters>
                                    <ViewId>{9C3F7EE8-ECA7-E211-9FB6-00155DD0EA05}</ViewId>
                                    <RelationshipName>opportunity_customer_accounts</RelationshipName>
                                    <TargetEntityType>opportunity</TargetEntityType>
                                    <AutoExpand>Fixed</AutoExpand>
                                    <EnableQuickFind>false</EnableQuickFind>
                                    <EnableViewPicker>false</EnableViewPicker>
                                    <EnableJumpBar>false</EnableJumpBar>
                                    <EnableChartPicker>false</EnableChartPicker>
                                    <RecordsPerPage>5</RecordsPerPage>
                                    <IsUserView>false</IsUserView>
                                    <ViewIds>{00000000-0000-0000-00AA-000010003000},{9C3F7EE8-ECA7-E211-9FB6-00155DD0EA05}</ViewIds>
                                    <ChartGridMode>Grid</ChartGridMode>
                                    <VisualizationId>{8BC5FB18-48F2-4782-9E16-3D452FA4DDCE}</VisualizationId>
                                    <IsUserChart>false</IsUserChart>
                                  </parameters>
                                </control>
                              </cell>
                            </row>
                            <row />
                            <row />
                            <row />
                            <row />
                            <row />
                            <row />
                            <row />
                            <row>
                              <cell id="{3E27EE84-1A25-418B-85F5-CDCC7CD5918D}" showlabel="true" rowspan="8" colspan="1" auto="false" labelid="{eed87f63-1c07-42ba-bb7f-fecd9ef56e68}">
                                <labels>
                                  <label description="RECENT CASES" languagecode="1033" />
                                </labels>
                                <control id="accountcasessgrid" classid="{E7A81278-8635-4d9e-8D4D-59480B391C5B}">
                                  <parameters>
                                    <TargetEntityType>incident</TargetEntityType>
                                    <ViewId>{00000000-0000-0000-00AA-000010001039}</ViewId>
                                    <RelationshipName>incident_customer_accounts</RelationshipName>
                                    <AutoExpand>Fixed</AutoExpand>
                                    <EnableQuickFind>false</EnableQuickFind>
                                    <EnableViewPicker>false</EnableViewPicker>
                                    <EnableJumpBar>false</EnableJumpBar>
                                    <EnableChartPicker>false</EnableChartPicker>
                                    <RecordsPerPage>5</RecordsPerPage>
                                    <EnableContextualActions>true</EnableContextualActions>
                                  </parameters>
                                </control>
                              </cell>
                            </row>
                            <row />
                            <row />
                            <row />
                            <row />
                            <row />
                            <row />
                            <row />
                            <row>
                              <cell id="{2c745e48-587d-beb8-297d-055b604013b2}" showlabel="true" colspan="1" auto="false" rowspan="7" labelid="{45324d89-30c2-4098-b8bf-693794e443c1}">
                                <labels>
                                  <label description="ACTIVE ENTITLEMENTS" languagecode="1033" />
                                </labels>
                                <control id="subgrid_Entitlement" classid="{E7A81278-8635-4d9e-8D4D-59480B391C5B}">
                                  <parameters>
                                    <ViewId>{961bf8aa-042f-4f4d-bcca-935bfc9a6994}</ViewId>
                                    <IsUserView>false</IsUserView>
                                    <RelationshipName>account_entitlement_Customer</RelationshipName>
                                    <TargetEntityType>entitlement</TargetEntityType>
                                    <AutoExpand>Auto</AutoExpand>
                                    <EnableQuickFind>false</EnableQuickFind>
                                    <EnableViewPicker>false</EnableViewPicker>
                                    <EnableJumpBar>false</EnableJumpBar>
                                    <ChartGridMode>Grid</ChartGridMode>
                                    <VisualizationId />
                                    <IsUserChart>false</IsUserChart>
                                    <EnableChartPicker>false</EnableChartPicker>
                                    <RecordsPerPage>6</RecordsPerPage>
                                  </parameters>
                                </control>
                              </cell>
                            </row>
                            <row />
                            <row />
                            <row />
                            <row />
                            <row />
                            <row />
                          </rows>
                        </section>
                      </sections>
                    </column>
                  </columns>
                </tab>
                <tab name="DETAILS_TAB" id="{11a42c72-9ded-ea04-253d-2143e731b795}" IsUserDefined="0" showlabel="true" expanded="true" labelid="{e3585776-5c10-484f-843f-7f27233913da}">
                  <labels>
                    <label description="Details" languagecode="1033" />
                  </labels>
                  <columns>
                    <column width="34%">
                      <sections>
                        <section name="COMPANY_PROFILE" showlabel="true" showbar="false" id="{ca8587c5-18c0-cac1-7c34-6c639eade090}" IsUserDefined="0" layout="varwidth" columns="1" labelwidth="115" celllabelposition="Left" labelid="{7f188a61-a038-41f6-9c31-06659e20f562}">
                          <labels>
                            <label description="COMPANY PROFILE" languagecode="1033" />
                          </labels>
                          <rows>
                            <row>
                              <cell id="{59782911-4d1a-38dc-ce49-7dae620dbc51}" showlabel="true" labelid="{27d44a9b-ea88-4438-b37a-57b5c32c5b59}">
                                <labels>
                                  <label description="Industry" languagecode="1033" />
                                </labels>
                                <control id="industrycode" classid="{3EF39988-22BB-4f0b-BBBE-64B5A3748AEE}" datafieldname="industrycode" disabled="false" />
                              </cell>
                            </row>
                            <row>
                              <cell id="{930beba3-d531-0808-c403-de95e2ac3e62}" showlabel="true" labelid="{2980b342-8ecb-4b46-86d5-a3cdffda8153}">
                                <labels>
                                  <label description="SIC Code" languagecode="1033" />
                                </labels>
                                <control id="sic" classid="{4273EDBD-AC1D-40d3-9FB2-095C621B552D}" datafieldname="sic" disabled="false" />
                              </cell>
                            </row>
                            <row>
                              <cell id="{1c33ad89-92a1-8433-2378-306259eb57c0}" showlabel="true" labelid="{a96aabd0-b370-4149-96b1-a8791af11247}">
                                <labels>
                                  <label description="Ownership" languagecode="1033" />
                                </labels>
                                <control id="ownershipcode" classid="{3EF39988-22BB-4f0b-BBBE-64B5A3748AEE}" datafieldname="ownershipcode" disabled="false" />
                              </cell>
                            </row>
                            <row>
                              <cell id="{a56cc0cd-350e-2901-599b-761d7736e569}" showlabel="false" userspacer="true" labelid="{81181fe7-a149-4ab7-9d64-f88b8442cb2a}">
                                <labels>
                                  <label description="" languagecode="1033" />
                                </labels>
                              </cell>
                            </row>
                          </rows>
                        </section>
                        <section name="DETAILS_TAB_section_6" showlabel="true" showbar="false" locklevel="0" id="{e201b9ce-c3d5-c922-dba5-528c25066940}" IsUserDefined="0" layout="varwidth" columns="1" labelwidth="115" celllabelalignment="Left" celllabelposition="Top" height="auto" labelid="{0d9e3437-89aa-4df2-9998-52eb3808a73c}">
                          <labels>
                            <label description="Description" languagecode="1033" />
                          </labels>
                          <rows>
                            <row>
                              <cell id="{a4a726a2-8e3e-79d0-02c3-0a04a6b71089}" showlabel="false" locklevel="0" rowspan="3" auto="true" labelid="{e976b74c-8237-4504-a8ea-7e918f65743a}">
                                <labels>
                                  <label description="Description" languagecode="1033" />
                                </labels>
                                <control id="description" classid="{E0DECE4B-6FC8-4a8f-A065-082708572369}" datafieldname="description" disabled="false" />
                              </cell>
                            </row>
                            <row />
                            <row height="auto" />
                          </rows>
                        </section>
                      </sections>
                    </column>
                    <column width="33%">
                      <sections>
                        <section name="MARKETING" showlabel="true" locklevel="0" showbar="false" id="{767ab9cb-cb99-45f4-bd68-32742a864c7c}" IsUserDefined="0" layout="varheight" columns="1" labelwidth="115" celllabelposition="Left" labelid="{7c80b749-6bc3-419f-807e-15a2a0fd49e7}">
                          <labels>
                            <label description="MARKETING" languagecode="1033" />
                          </labels>
                          <rows>
                            <row>
                              <cell id="{b9c3d8fd-12a2-4474-b937-43da8Be00e6f}" labelid="{bd3391c3-446f-4c3f-b04a-161be200f5f2}">
                                <labels>
                                  <label description="Originating Lead" languagecode="1033" />
                                </labels>
                                <control id="originatingleadid" classid="{270BD3DB-D9AF-4782-9025-509E298DEC0A}" datafieldname="originatingleadid" />
                              </cell>
                            </row>
                            <row>
                              <cell auto="false" showlabel="true" locklevel="0" rowspan="1" colspan="1" id="{86b0d247-2f08-455c-a135-91f73860575d}" labelid="{44521bd7-1135-4cf1-9341-50e662f25d8e}">
                                <labels>
                                  <label description="Last Campaign Date" languagecode="1033" />
                                </labels>
                                <control id="lastusedincampaign" classid="{5B773807-9FB2-42db-97C3-7A91EFF8ADFF}" datafieldname="lastusedincampaign" disabled="true" />
                              </cell>
                            </row>
                            <row>
                              <cell auto="false" showlabel="true" locklevel="0" rowspan="1" colspan="1" id="{0013a9f1-6d23-4080-87a8-f040e1c673fb}" labelid="{6c2da389-0c0d-4ba0-af88-099f7eb39989}">
                                <labels>
                                  <label description="Marketing Materials" languagecode="1033" />
                                </labels>
                                <control id="donotsendmm" classid="{67FAC785-CD58-4f9f-ABB3-4B7DDC6ED5ED}" datafieldname="donotsendmm" disabled="false" />
                              </cell>
                            </row>
                            <row>
                              <cell id="{91865d5a-0869-620b-16b1-9bc50017bc02}" showlabel="false" userspacer="true" labelid="{2e7b2b4b-dab8-4e9a-ac3e-083e7a041594}">
                                <labels>
                                  <label description="" languagecode="1033" />
                                </labels>
                              </cell>
                            </row>
                          </rows>
                        </section>
                        <section name="CONTACT_PREFERENCES" showlabel="true" showbar="false" id="{2787a122-55d5-4c8d-9b21-c8d4ec8cc3fc}" IsUserDefined="0" columns="1" labelwidth="115" celllabelposition="Left" labelid="{3b11e314-a7fc-4360-b370-af8da54959f1}">
                          <labels>
                            <label description="CONTACT PREFERENCES" languagecode="1033" />
                          </labels>
                          <rows>
                            <row>
                              <cell id="{e651d783-6c9f-4e8d-981c-c9577e344e7b}" labelid="{b1a26445-b731-4a31-944b-6de57c3e2ba5}">
                                <labels>
                                  <label description="Contact Method" languagecode="1033" />
                                </labels>
                                <control id="preferredcontactmethodcode" classid="{3EF39988-22BB-4f0b-BBBE-64B5A3748AEE}" datafieldname="preferredcontactmethodcode" />
                              </cell>
                            </row>
                            <row>
                              <cell id="{0a536c64-788d-4f22-a388-fbddfdee8142}" labelid="{7c653058-158f-4a87-8163-7c47fdb8716c}">
                                <labels>
                                  <label description="Email" languagecode="1033" />
                                </labels>
                                <control id="donotemail" classid="{67FAC785-CD58-4f9f-ABB3-4B7DDC6ED5ED}" datafieldname="donotemail" />
                              </cell>
                            </row>
                            <row>
                              <cell id="{82b8410d-3b9c-4aca-9968-6b3e493ef92e}" labelid="{f58b8cb4-47ba-436b-acc2-8c02dca7b497}">
                                <labels>
                                  <label description="Follow Email" languagecode="1033" />
                                </labels>
                                <control id="followemail" classid="{67FAC785-CD58-4f9f-ABB3-4B7DDC6ED5ED}" datafieldname="followemail" />
                              </cell>
                            </row>
                            <row>
                              <cell id="{cfa09fa5-ccb6-4f97-bd8d-d7e037a7aab1}" labelid="{76eaa2ca-ec18-463c-98a8-539011f7a380}">
                                <labels>
                                  <label description="Bulk Email" languagecode="1033" />
                                </labels>
                                <control id="donotbulkemail" classid="{67FAC785-CD58-4f9f-ABB3-4B7DDC6ED5ED}" datafieldname="donotbulkemail" />
                              </cell>
                            </row>
                            <row>
                              <cell id="{f587cb66-b142-47c9-bc7a-009875261840}" labelid="{92b75d79-c19d-4bd6-810f-34699776d14c}">
                                <labels>
                                  <label description="Phone" languagecode="1033" />
                                </labels>
                                <control id="donotphone" classid="{67FAC785-CD58-4f9f-ABB3-4B7DDC6ED5ED}" datafieldname="donotphone" />
                              </cell>
                            </row>
                            <row>
                              <cell id="{12927a20-3614-4546-89fc-9bdbd9b7432f}" labelid="{0745e9c7-984c-4bdb-be67-f58848e81cab}">
                                <labels>
                                  <label description="Fax" languagecode="1033" />
                                </labels>
                                <control id="donotfax" classid="{67FAC785-CD58-4f9f-ABB3-4B7DDC6ED5ED}" datafieldname="donotfax" />
                              </cell>
                            </row>
                            <row>
                              <cell id="{ed50e866-7968-483d-8388-0e6313d3c784}" labelid="{58d2db65-19eb-4669-847c-92d39af6e022}">
                                <labels>
                                  <label description="Mail" languagecode="1033" />
                                </labels>
                                <control id="donotpostalmail" classid="{67FAC785-CD58-4f9f-ABB3-4B7DDC6ED5ED}" datafieldname="donotpostalmail" />
                              </cell>
                            </row>
                          </rows>
                        </section>
                      </sections>
                    </column>
                    <column width="33%">
                      <sections>
                        <section name="BILLING" showlabel="true" showbar="false" id="{910de80a-a17e-092a-255d-44d775cb4207}" IsUserDefined="0" layout="varwidth" columns="1" labelwidth="115" celllabelposition="Left" locklevel="0" celllabelalignment="Left" labelid="{32d7eced-4e85-4e9c-b997-f58c299ba1f7}">
                          <labels>
                            <label description="BILLING" languagecode="1033" />
                          </labels>
                          <rows>
                            <row>
                              <cell id="{7cd2b88c-b25c-4729-9c27-f59ebb5a1538}" labelid="{6dd97175-6d47-4e2b-a159-2619374b6b7c}">
                                <labels>
                                  <label description="Currency" languagecode="1033" />
                                </labels>
                                <control id="transactioncurrencyid" classid="{270BD3DB-D9AF-4782-9025-509E298DEC0A}" datafieldname="transactioncurrencyid" />
                              </cell>
                            </row>
                            <row>
                              <cell id="{0125719c-a5b0-4230-9817-3fba5d6ebfaf}" labelid="{6dffe38c-44c1-4513-946d-b643585fd615}">
                                <labels>
                                  <label description="Credit Limit" languagecode="1033" />
                                </labels>
                                <control id="creditlimit" classid="{533B9E00-756B-4312-95A0-DC888637AC78}" datafieldname="creditlimit" />
                              </cell>
                            </row>
                            <row>
                              <cell id="{abc2c862-bcd4-4a4b-ac51-c311d4e66d5b}" labelid="{45fa4567-8734-42a3-aa67-ec003cd073a3}">
                                <labels>
                                  <label description="Credit Hold" languagecode="1033" />
                                </labels>
                                <control id="creditonhold" classid="{67FAC785-CD58-4f9f-ABB3-4B7DDC6ED5ED}" datafieldname="creditonhold" />
                              </cell>
                            </row>
                            <row>
                              <cell id="{0bab9157-d14e-441f-969d-80460634c15e}" labelid="{161aaffd-1d80-4e6b-9f60-30cae8def756}">
                                <labels>
                                  <label description="Payment Terms" languagecode="1033" />
                                </labels>
                                <control id="paymenttermscode" classid="{3EF39988-22BB-4f0b-BBBE-64B5A3748AEE}" datafieldname="paymenttermscode" />
                              </cell>
                            </row>
                          </rows>
                        </section>
                        <section name="SHIPPING" showlabel="true" showbar="false" id="{d61ba33b-9648-d541-459d-ae145a6854db}" IsUserDefined="0" layout="varwidth" columns="1" labelwidth="115" celllabelposition="Left" locklevel="0" celllabelalignment="Left" labelid="{12214ffb-2e37-49f5-967c-387bdf41f896}">
                          <labels>
                            <label description="SHIPPING" languagecode="1033" />
                          </labels>
                          <rows>
                            <row>
                              <cell id="{4d2e776d-7d85-c51b-3900-1ae7323b0a6b}" showlabel="true" labelid="{011baad9-e475-48b0-bfb2-4fbb2734e7da}">
                                <labels>
                                  <label description="Shipping Method" languagecode="1033" />
                                </labels>
                                <control id="address1_shippingmethodcode" classid="{3EF39988-22BB-4f0b-BBBE-64B5A3748AEE}" datafieldname="address1_shippingmethodcode" />
                              </cell>
                            </row>
                            <row>
                              <cell id="{02719696-a5da-b791-48c3-4e8cb8b110d5}" showlabel="true" labelid="{532e7b46-8ef7-4104-8132-ba449ec9b207}">
                                <labels>
                                  <label description="Freight Terms" languagecode="1033" />
                                </labels>
                                <control id="address1_freighttermscode" classid="{3EF39988-22BB-4f0b-BBBE-64B5A3748AEE}" datafieldname="address1_freighttermscode" />
                              </cell>
                            </row>
                          </rows>
                        </section>
                        <section name="ChildAccounts" showlabel="true" showbar="false" locklevel="0" id="{1e0e4517-ba6b-1540-53a9-09647d67443a}" IsUserDefined="0" layout="varwidth" columns="1" labelwidth="115" celllabelalignment="Left" celllabelposition="Left" labelid="{453381dc-386d-40ed-9b44-698ec12b8ee5}">
                          <labels>
                            <label description="CHILD ACCOUNTS" languagecode="1033" />
                          </labels>
                          <rows>
                            <row>
                              <cell id="{8b1d7a7a-972c-78c1-d287-82ec5b33d167}" showlabel="false" colspan="1" auto="false" rowspan="6" labelid="{a6f7d636-2352-437e-8e57-b23fd4e85e14}">
                                <labels>
                                  <label description="Child Accounts" languagecode="1033" />
                                </labels>
                                <control id="ChildAccounts" classid="{E7A81278-8635-4d9e-8D4D-59480B391C5B}">
                                  <parameters>
                                    <ViewId>{00000000-0000-0000-00AA-000010001002}</ViewId>
                                    <IsUserView>false</IsUserView>
                                    <RelationshipName>account_parent_account</RelationshipName>
                                    <TargetEntityType>account</TargetEntityType>
                                    <AutoExpand>Fixed</AutoExpand>
                                    <EnableQuickFind>false</EnableQuickFind>
                                    <EnableViewPicker>false</EnableViewPicker>
                                    <ViewIds>{00000000-0000-0000-00AA-000010001002},{00000000-0000-0000-00AA-000010001001}</ViewIds>
                                    <EnableJumpBar>false</EnableJumpBar>
                                    <ChartGridMode>Grid</ChartGridMode>
                                    <VisualizationId>{74A622C0-5193-DE11-97D4-00155DA3B01E}</VisualizationId>
                                    <IsUserChart>false</IsUserChart>
                                    <EnableChartPicker>false</EnableChartPicker>
                                    <RecordsPerPage>4</RecordsPerPage>
                                  </parameters>
                                </control>
                              </cell>
                            </row>
                            <row />
                            <row />
                            <row />
                            <row />
                            <row />
                          </rows>
                        </section>
                      </sections>
                    </column>
                  </columns>
                </tab>
              </tabs>
              <header id="{d5a03552-1183-4347-a237-1f894ba449eb}" columns="111" celllabelposition="Top" labelwidth="115">
                <rows>
                  <row>
                    <cell id="{d3e19d4e-b2ae-409f-9b4e-5976527c6c83}" labelid="{b15e2c9e-0558-4fba-83ed-b5e1eccd602a}">
                      <labels>
                        <label description="Annual Revenue" languagecode="1033" />
                      </labels>
                      <control id="header_revenue" classid="{533B9E00-756B-4312-95A0-DC888637AC78}" datafieldname="revenue" />
                    </cell>
                    <cell id="{2adb5a52-604d-5aad-ba6a-2bbab6c33594}" showlabel="true" labelid="{e92c198f-c999-4d2d-9fe6-73eecfe98f50}">
                      <labels>
                        <label description="No. of Employees" languagecode="1033" />
                      </labels>
                      <control id="header_numberofemployees" classid="{C6D124CA-7EDA-4a60-AEA9-7FB8D318B68F}" datafieldname="numberofemployees" />
                    </cell>
                    <cell id="{54b2d0a2-eb77-b3cd-b60a-03ea6944e98e}" showlabel="true" locklevel="1" labelid="{6b41ef43-b070-4f64-a7e2-f341f3ff16d2}">
                      <labels>
                        <label description="Owner" languagecode="1033" />
                      </labels>
                      <control id="header_ownerid" classid="{270BD3DB-D9AF-4782-9025-509E298DEC0A}" datafieldname="ownerid" />
                    </cell>
                  </row>
                </rows>
              </header>
              <clientresources>
                <internalresources>
                  <clientincludes>
                    <internaljscriptfile src="$webresource:Account_main_system_library.js" />
                  </clientincludes>
                </internalresources>
              </clientresources>
              <Navigation>
                <NavBar>
                  <NavBarByRelationshipItem RelationshipName="Account_CustomerAddress" Id="navAddresses" Sequence="10" Area="Info" Show="false">
                    <Privileges>
                      <Privilege Entity="" Privilege="ReadActivity" />
                    </Privileges>
                    <Titles>
                      <Title LCID="1033" Text="Addresses" />
                    </Titles>
                  </NavBarByRelationshipItem>
                  <NavBarByRelationshipItem RelationshipName="quote_customer_accounts" Id="navQuotes" TitleResourceId="Tab_Label_MoreQuotes" Sequence="10" Area="Info" Show="false">
                    <Privileges>
                      <Privilege Entity="" Privilege="ReadActivity" />
                    </Privileges>
                    <Titles>
                      <Title LCID="1033" Text="Quote" />
                    </Titles>
                  </NavBarByRelationshipItem>
                  <NavBarByRelationshipItem RelationshipName="account_customer_relationship_customer" Id="navRelationships" TitleResourceId="Left_Nav_Area_Relationships" Sequence="10" Area="Info" Show="false">
                    <Privileges>
                      <Privilege Entity="" Privilege="ReadActivity" />
                    </Privileges>
                    <Titles>
                      <Title LCID="1033" Text="CustomerRelationship" />
                    </Titles>
                  </NavBarByRelationshipItem>
                  <NavBarByRelationshipItem RelationshipName="invoice_customer_accounts" Id="navInvoices" TitleResourceId="Tab_Label_MoreInvoices" Sequence="10" Area="Info" Show="false">
                    <Privileges>
                      <Privilege Entity="" Privilege="ReadActivity" />
                    </Privileges>
                    <Titles>
                      <Title LCID="1033" Text="Invoice" />
                    </Titles>
                  </NavBarByRelationshipItem>
                  <NavBarByRelationshipItem RelationshipName="account_parent_account" Id="navSubAccts" TitleResourceId="Label_SubAccounts" Sequence="10" Area="Info" Show="false">
                    <Privileges>
                      <Privilege Entity="" Privilege="ReadActivity" />
                    </Privileges>
                    <Titles>
                      <Title LCID="1033" Text="Accounts" />
                    </Titles>
                  </NavBarByRelationshipItem>
                  <NavBarByRelationshipItem RelationshipName="contract_customer_accounts" Id="navContracts" TitleResourceId="Tab_Label_MoreContracts" Sequence="10" Area="Info" Show="false">
                    <Privileges>
                      <Privilege Entity="" Privilege="ReadActivity" />
                    </Privileges>
                    <Titles>
                      <Title LCID="1033" Text="Contract" />
                    </Titles>
                  </NavBarByRelationshipItem>
                  <NavBarByRelationshipItem RelationshipName="order_customer_accounts" Id="navOrders" TitleResourceId="Tab_Label_MoreOrders" Sequence="10" Area="Info" Show="false">
                    <Privileges>
                      <Privilege Entity="" Privilege="ReadActivity" />
                    </Privileges>
                    <Titles>
                      <Title LCID="1033" Text="SalesOrder" />
                    </Titles>
                  </NavBarByRelationshipItem>
                  <NavBarByRelationshipItem RelationshipName="hardcoded_{B7196B13-6B9D-42CD-BD58-B19A3953126F}navCampaignsInSFA" Sequence="20" Area="Marketing" Id="navCampaignsInSFA" Show="false">
                    <Titles>
                      <Title LCID="1033" Text="Campaigns" />
                    </Titles>
                  </NavBarByRelationshipItem>
                  <NavBarByRelationshipItem RelationshipName="hardcoded_{B7196B13-6B9D-42CD-BD58-B19A3953126F}navAsyncOperations" Sequence="9500" Area="ProcessCenter" Id="navAsyncOperations" Show="false">
                    <Titles>
                      <Title LCID="1033" Text="Workflows" />
                    </Titles>
                  </NavBarByRelationshipItem>
                  <NavBarByRelationshipItem RelationshipName="hardcoded_{B7196B13-6B9D-42CD-BD58-B19A3953126F}navProcessSessions" Sequence="9700" Area="ProcessCenter" Id="navProcessSessions" Show="false">
                    <Titles>
                      <Title LCID="1033" Text="Dialog Sessions" />
                    </Titles>
                  </NavBarByRelationshipItem>
                </NavBar>
                <NavBarAreas>
                  <NavBarArea Id="Info">
                    <Titles>
                      <Title LCID="1033" Text="Common" />
                    </Titles>
                  </NavBarArea>
                  <NavBarArea Id="Sales">
                    <Titles>
                      <Title LCID="1033" Text="Sales" />
                    </Titles>
                  </NavBarArea>
                  <NavBarArea Id="Service">
                    <Titles>
                      <Title LCID="1033" Text="Service" />
                    </Titles>
                  </NavBarArea>
                  <NavBarArea Id="Marketing">
                    <Titles>
                      <Title LCID="1033" Text="Marketing" />
                    </Titles>
                  </NavBarArea>
                  <NavBarArea Id="ProcessCenter">
                    <Titles>
                      <Title LCID="1033" Text="Process Sessions" />
                    </Titles>
                  </NavBarArea>
                </NavBarAreas>
              </Navigation>
              <DisplayConditions FallbackForm="true" Order="3">
                <Everyone />
              </DisplayConditions>
            </form>
            <IsCustomizable>1</IsCustomizable>
            <CanBeDeleted>1</CanBeDeleted>
            <LocalizedNames>
              <LocalizedName description="AdvancedPluginDemo" languagecode="1033" />
            </LocalizedNames>
            <Descriptions>
              <Description description="AdvancedPluginDemo" languagecode="1033" />
            </Descriptions>
          </systemform>
        </forms>
      </FormXml>
      <RibbonDiffXml>
        <CustomActions />
        <Templates>
          <RibbonTemplates Id="Mscrm.Templates"></RibbonTemplates>
        </Templates>
        <CommandDefinitions />
        <RuleDefinitions>
          <TabDisplayRules />
          <DisplayRules />
          <EnableRules />
        </RuleDefinitions>
        <LocLabels />
      </RibbonDiffXml>
    </Entity>
  </Entities>
  <Roles></Roles>
  <Workflows></Workflows>
  <FieldSecurityProfiles></FieldSecurityProfiles>
  <Templates />
  <EntityMaps />
  <EntityRelationships />
  <OrganizationSettings />
  <optionsets />
  <SolutionPluginAssemblies>
    <PluginAssembly FullName="AdvancedPluginDemo, Version=1.0.0.0, Culture=neutral, PublicKeyToken=f589431ce242b28b" CustomizationLevel="1">
      <IsolationMode>2</IsolationMode>
      <SourceType>0</SourceType>
      <IntroducedVersion>1.0</IntroducedVersion>
      <FileName>/PluginAssemblies/AdvancedPluginDemo-28EB7D90-5B0D-4EDA-B083-57F809757B61/AdvancedPluginDemo.dll</FileName>
      <PluginTypes>
        <PluginType AssemblyQualifiedName="AdvancedPluginDemo.Plugins.Bound.Account.Create, AdvancedPluginDemo, Version=1.0.0.0, Culture=neutral, PublicKeyToken=f589431ce242b28b" Name="AdvancedPluginDemo.Plugins.Bound.Account.Create">
          <FriendlyName>9b77e333-39d4-4ba8-8c29-2b69abd7fc09</FriendlyName>
        </PluginType>
        <PluginType AssemblyQualifiedName="AdvancedPluginDemo.Plugins.Bound.Account.SetStateAsUpdate, AdvancedPluginDemo, Version=1.0.0.0, Culture=neutral, PublicKeyToken=f589431ce242b28b" Name="AdvancedPluginDemo.Plugins.Bound.Account.SetStateAsUpdate">
          <FriendlyName>9f4c3287-c31a-498d-978f-87ad1b144867</FriendlyName>
        </PluginType>
        <PluginType AssemblyQualifiedName="AdvancedPluginDemo.Plugins.Bound.Account.Update, AdvancedPluginDemo, Version=1.0.0.0, Culture=neutral, PublicKeyToken=f589431ce242b28b" Name="AdvancedPluginDemo.Plugins.Bound.Account.Update">
          <FriendlyName>bfbaf3f6-93ae-4c31-827a-9b75102d9591</FriendlyName>
        </PluginType>
      </PluginTypes>
    </PluginAssembly>
  </SolutionPluginAssemblies>
  <SdkMessageProcessingSteps>
    <SdkMessageProcessingStep Name="Account. Create. Post-operation. Async." SdkMessageProcessingStepId="{985037d4-df34-e811-824e-08002703f176}">
      <PluginTypeName>AdvancedPluginDemo.Plugins.Bound.Account.Create, AdvancedPluginDemo, Version=1.0.0.0, Culture=neutral, PublicKeyToken=f589431ce242b28b</PluginTypeName>
      <PrimaryEntity>account</PrimaryEntity>
      <AsyncAutoDelete>1</AsyncAutoDelete>
      <Description>AdvancedPluginDemo.Plugins.Bound.Account.Create: Create of account</Description>
      <FilteringAttributes></FilteringAttributes>
      <InvocationSource>1</InvocationSource>
      <Mode>1</Mode>
      <Rank>10</Rank>
      <SdkMessageId>{9ebdbb1b-ea3e-db11-86a7-000a3a5473e8}</SdkMessageId>
      <EventHandlerTypeCode>4602</EventHandlerTypeCode>
      <Stage>40</Stage>
      <IsCustomizable>1</IsCustomizable>
      <IsHidden>0</IsHidden>
      <SupportedDeployment>0</SupportedDeployment>
      <IntroducedVersion>1.0</IntroducedVersion>
      <SdkMessageProcessingStepImages />
    </SdkMessageProcessingStep>
    <SdkMessageProcessingStep Name="Account. Create. Post-operation. Sync." SdkMessageProcessingStepId="{5e9deabe-dd34-e811-824e-08002703f176}">
      <PluginTypeName>AdvancedPluginDemo.Plugins.Bound.Account.Create, AdvancedPluginDemo, Version=1.0.0.0, Culture=neutral, PublicKeyToken=f589431ce242b28b</PluginTypeName>
      <PrimaryEntity>account</PrimaryEntity>
      <AsyncAutoDelete>0</AsyncAutoDelete>
      <FilteringAttributes></FilteringAttributes>
      <InvocationSource>1</InvocationSource>
      <Mode>0</Mode>
      <Rank>10</Rank>
      <SdkMessageId>{9ebdbb1b-ea3e-db11-86a7-000a3a5473e8}</SdkMessageId>
      <EventHandlerTypeCode>4602</EventHandlerTypeCode>
      <Stage>40</Stage>
      <IsCustomizable>1</IsCustomizable>
      <IsHidden>0</IsHidden>
      <SupportedDeployment>0</SupportedDeployment>
      <IntroducedVersion>1.0</IntroducedVersion>
      <SdkMessageProcessingStepImages />
    </SdkMessageProcessingStep>
    <SdkMessageProcessingStep Name="Account. Create. Pre-operation. Sync." SdkMessageProcessingStepId="{97fd3097-dd34-e811-824e-08002703f176}">
      <PluginTypeName>AdvancedPluginDemo.Plugins.Bound.Account.Create, AdvancedPluginDemo, Version=1.0.0.0, Culture=neutral, PublicKeyToken=f589431ce242b28b</PluginTypeName>
      <PrimaryEntity>account</PrimaryEntity>
      <AsyncAutoDelete>0</AsyncAutoDelete>
      <FilteringAttributes></FilteringAttributes>
      <InvocationSource>1</InvocationSource>
      <Mode>0</Mode>
      <Rank>10</Rank>
      <SdkMessageId>{9ebdbb1b-ea3e-db11-86a7-000a3a5473e8}</SdkMessageId>
      <EventHandlerTypeCode>4602</EventHandlerTypeCode>
      <Stage>20</Stage>
      <IsCustomizable>1</IsCustomizable>
      <IsHidden>0</IsHidden>
      <SupportedDeployment>0</SupportedDeployment>
      <IntroducedVersion>1.0</IntroducedVersion>
      <SdkMessageProcessingStepImages />
    </SdkMessageProcessingStep>
    <SdkMessageProcessingStep Name="Account. Create. Pre-validation. Sync." SdkMessageProcessingStepId="{7e739d5c-7830-e811-8248-08002703f176}">
      <PluginTypeName>AdvancedPluginDemo.Plugins.Bound.Account.Create, AdvancedPluginDemo, Version=1.0.0.0, Culture=neutral, PublicKeyToken=f589431ce242b28b</PluginTypeName>
      <PrimaryEntity>account</PrimaryEntity>
      <AsyncAutoDelete>0</AsyncAutoDelete>
      <FilteringAttributes></FilteringAttributes>
      <InvocationSource>0</InvocationSource>
      <Mode>0</Mode>
      <Rank>10</Rank>
      <SdkMessageId>{9ebdbb1b-ea3e-db11-86a7-000a3a5473e8}</SdkMessageId>
      <EventHandlerTypeCode>4602</EventHandlerTypeCode>
      <Stage>10</Stage>
      <IsCustomizable>1</IsCustomizable>
      <IsHidden>0</IsHidden>
      <SupportedDeployment>0</SupportedDeployment>
      <IntroducedVersion>1.0</IntroducedVersion>
      <SdkMessageProcessingStepImages />
    </SdkMessageProcessingStep>
    <SdkMessageProcessingStep Name="Account. SetState as Update. Pre-Operation. Sync." SdkMessageProcessingStepId="{34c00f4c-a231-e811-8248-08002703f176}">
      <PluginTypeName>AdvancedPluginDemo.Plugins.Bound.Account.Update, AdvancedPluginDemo, Version=1.0.0.0, Culture=neutral, PublicKeyToken=f589431ce242b28b</PluginTypeName>
      <PrimaryEntity>account</PrimaryEntity>
      <AsyncAutoDelete>0</AsyncAutoDelete>
      <FilteringAttributes>statecode,statuscode</FilteringAttributes>
      <InvocationSource>1</InvocationSource>
      <Mode>0</Mode>
      <Rank>10</Rank>
      <SdkMessageId>{20bebb1b-ea3e-db11-86a7-000a3a5473e8}</SdkMessageId>
      <EventHandlerTypeCode>4602</EventHandlerTypeCode>
      <Stage>20</Stage>
      <IsCustomizable>1</IsCustomizable>
      <IsHidden>0</IsHidden>
      <SupportedDeployment>0</SupportedDeployment>
      <IntroducedVersion>1.0</IntroducedVersion>
      <SdkMessageProcessingStepImages>
        <SdkMessageProcessingStepImage Name="PreImage">
          <SdkMessageProcessingStepImageId>{d25a1781-a231-e811-8248-08002703f176}</SdkMessageProcessingStepImageId>
          <Attributes>ownerid,statecode,statuscode</Attributes>
          <EntityAlias>PreImage</EntityAlias>
          <ImageType>0</ImageType>
          <MessagePropertyName>Target</MessagePropertyName>
          <IsCustomizable>1</IsCustomizable>
        </SdkMessageProcessingStepImage>
      </SdkMessageProcessingStepImages>
    </SdkMessageProcessingStep>
    <SdkMessageProcessingStep Name="Account. SetState as Update. Pre-Operation. Sync." SdkMessageProcessingStepId="{840e6ff3-7c35-e811-8250-08002703f176}">
      <PluginTypeName>AdvancedPluginDemo.Plugins.Bound.Account.SetStateAsUpdate, AdvancedPluginDemo, Version=1.0.0.0, Culture=neutral, PublicKeyToken=f589431ce242b28b</PluginTypeName>
      <PrimaryEntity>account</PrimaryEntity>
      <AsyncAutoDelete>0</AsyncAutoDelete>
      <FilteringAttributes>statecode,statuscode</FilteringAttributes>
      <InvocationSource>1</InvocationSource>
      <Mode>0</Mode>
      <Rank>10</Rank>
      <SdkMessageId>{20bebb1b-ea3e-db11-86a7-000a3a5473e8}</SdkMessageId>
      <EventHandlerTypeCode>4602</EventHandlerTypeCode>
      <Stage>20</Stage>
      <IsCustomizable>1</IsCustomizable>
      <IsHidden>0</IsHidden>
      <SupportedDeployment>0</SupportedDeployment>
      <IntroducedVersion>1.0</IntroducedVersion>
      <SdkMessageProcessingStepImages>
        <SdkMessageProcessingStepImage Name="PreImage">
          <SdkMessageProcessingStepImageId>{9e5d4ae9-8035-e811-8250-08002703f176}</SdkMessageProcessingStepImageId>
          <Attributes>ownerid,statecode,statuscode</Attributes>
          <EntityAlias>PreImage</EntityAlias>
          <ImageType>0</ImageType>
          <MessagePropertyName>Target</MessagePropertyName>
          <IsCustomizable>1</IsCustomizable>
        </SdkMessageProcessingStepImage>
      </SdkMessageProcessingStepImages>
    </SdkMessageProcessingStep>
    <SdkMessageProcessingStep Name="Account. Update. Post-operation. Async." SdkMessageProcessingStepId="{8eeec316-e334-e811-824e-08002703f176}">
      <PluginTypeName>AdvancedPluginDemo.Plugins.Bound.Account.Update, AdvancedPluginDemo, Version=1.0.0.0, Culture=neutral, PublicKeyToken=f589431ce242b28b</PluginTypeName>
      <PrimaryEntity>account</PrimaryEntity>
      <AsyncAutoDelete>1</AsyncAutoDelete>
      <FilteringAttributes>name,primarycontactid</FilteringAttributes>
      <InvocationSource>1</InvocationSource>
      <Mode>1</Mode>
      <Rank>15</Rank>
      <SdkMessageId>{20bebb1b-ea3e-db11-86a7-000a3a5473e8}</SdkMessageId>
      <EventHandlerTypeCode>4602</EventHandlerTypeCode>
      <Stage>40</Stage>
      <IsCustomizable>1</IsCustomizable>
      <IsHidden>0</IsHidden>
      <SupportedDeployment>0</SupportedDeployment>
      <IntroducedVersion>1.0</IntroducedVersion>
      <SdkMessageProcessingStepImages>
        <SdkMessageProcessingStepImage Name="PostImage">
          <SdkMessageProcessingStepImageId>{750c84ed-e634-e811-824e-08002703f176}</SdkMessageProcessingStepImageId>
          <Attributes>name,telephone1,primarycontactid</Attributes>
          <EntityAlias>PostImage</EntityAlias>
          <ImageType>1</ImageType>
          <MessagePropertyName>Target</MessagePropertyName>
          <IsCustomizable>1</IsCustomizable>
        </SdkMessageProcessingStepImage>
        <SdkMessageProcessingStepImage Name="PreImage">
          <SdkMessageProcessingStepImageId>{27788255-e334-e811-824e-08002703f176}</SdkMessageProcessingStepImageId>
          <Attributes>name,primarycontactid</Attributes>
          <EntityAlias>PreImage</EntityAlias>
          <ImageType>0</ImageType>
          <MessagePropertyName>Target</MessagePropertyName>
          <IsCustomizable>1</IsCustomizable>
        </SdkMessageProcessingStepImage>
      </SdkMessageProcessingStepImages>
    </SdkMessageProcessingStep>
    <SdkMessageProcessingStep Name="Account. Update. Post-operation. Sync." SdkMessageProcessingStepId="{79e98b1c-e234-e811-824e-08002703f176}">
      <PluginTypeName>AdvancedPluginDemo.Plugins.Bound.Account.Update, AdvancedPluginDemo, Version=1.0.0.0, Culture=neutral, PublicKeyToken=f589431ce242b28b</PluginTypeName>
      <PrimaryEntity>account</PrimaryEntity>
      <AsyncAutoDelete>0</AsyncAutoDelete>
      <FilteringAttributes>name,address1_composite,parentaccountid</FilteringAttributes>
      <InvocationSource>1</InvocationSource>
      <Mode>0</Mode>
      <Rank>10</Rank>
      <SdkMessageId>{20bebb1b-ea3e-db11-86a7-000a3a5473e8}</SdkMessageId>
      <EventHandlerTypeCode>4602</EventHandlerTypeCode>
      <Stage>40</Stage>
      <IsCustomizable>1</IsCustomizable>
      <IsHidden>0</IsHidden>
      <SupportedDeployment>0</SupportedDeployment>
      <IntroducedVersion>1.0</IntroducedVersion>
      <SdkMessageProcessingStepImages>
        <SdkMessageProcessingStepImage Name="PostImage">
          <SdkMessageProcessingStepImageId>{475ed0b7-8235-e811-8250-08002703f176}</SdkMessageProcessingStepImageId>
          <Attributes>name,accountnumber,accountratingcode,address1_composite,fax,telephone1,parentaccountid</Attributes>
          <EntityAlias>PostImage</EntityAlias>
          <ImageType>1</ImageType>
          <MessagePropertyName>Target</MessagePropertyName>
          <IsCustomizable>1</IsCustomizable>
        </SdkMessageProcessingStepImage>
        <SdkMessageProcessingStepImage Name="PreImage">
          <SdkMessageProcessingStepImageId>{bf994a88-e234-e811-824e-08002703f176}</SdkMessageProcessingStepImageId>
          <Attributes>name,accountnumber,accountratingcode,address1_composite,fax,telephone1,parentaccountid</Attributes>
          <EntityAlias>PreImage</EntityAlias>
          <ImageType>0</ImageType>
          <MessagePropertyName>Target</MessagePropertyName>
          <IsCustomizable>1</IsCustomizable>
        </SdkMessageProcessingStepImage>
      </SdkMessageProcessingStepImages>
    </SdkMessageProcessingStep>
    <SdkMessageProcessingStep Name="Account. Update. Pre-operation. Sync." SdkMessageProcessingStepId="{ca511738-3531-e811-8248-08002703f176}">
      <PluginTypeName>AdvancedPluginDemo.Plugins.Bound.Account.Update, AdvancedPluginDemo, Version=1.0.0.0, Culture=neutral, PublicKeyToken=f589431ce242b28b</PluginTypeName>
      <PrimaryEntity>account</PrimaryEntity>
      <AsyncAutoDelete>0</AsyncAutoDelete>
      <Configuration>CustomVerboseLogSwitchedOn</Configuration>
      <FilteringAttributes>name,fax,telephone1</FilteringAttributes>
      <InvocationSource>1</InvocationSource>
      <Mode>0</Mode>
      <Rank>10</Rank>
      <SdkMessageId>{20bebb1b-ea3e-db11-86a7-000a3a5473e8}</SdkMessageId>
      <EventHandlerTypeCode>4602</EventHandlerTypeCode>
      <Stage>20</Stage>
      <IsCustomizable>1</IsCustomizable>
      <IsHidden>0</IsHidden>
      <SupportedDeployment>0</SupportedDeployment>
      <IntroducedVersion>1.0</IntroducedVersion>
      <SdkMessageProcessingStepImages>
        <SdkMessageProcessingStepImage Name="PreImage">
          <SdkMessageProcessingStepImageId>{09abdbca-3531-e811-8248-08002703f176}</SdkMessageProcessingStepImageId>
          <Attributes>name,fax,telephone1,ownerid,statecode</Attributes>
          <EntityAlias>PreImage</EntityAlias>
          <ImageType>0</ImageType>
          <MessagePropertyName>Target</MessagePropertyName>
          <IsCustomizable>1</IsCustomizable>
        </SdkMessageProcessingStepImage>
      </SdkMessageProcessingStepImages>
    </SdkMessageProcessingStep>
    <SdkMessageProcessingStep Name="Account. Update. Pre-validation. Sync." SdkMessageProcessingStepId="{2966994f-7a30-e811-8248-08002703f176}">
      <PluginTypeName>AdvancedPluginDemo.Plugins.Bound.Account.Update, AdvancedPluginDemo, Version=1.0.0.0, Culture=neutral, PublicKeyToken=f589431ce242b28b</PluginTypeName>
      <PrimaryEntity>account</PrimaryEntity>
      <AsyncAutoDelete>0</AsyncAutoDelete>
      <Configuration>CustomVerboseLogSwitchedOn</Configuration>
      <FilteringAttributes>name,primarycontactid,statecode</FilteringAttributes>
      <InvocationSource>0</InvocationSource>
      <Mode>0</Mode>
      <Rank>10</Rank>
      <SdkMessageId>{20bebb1b-ea3e-db11-86a7-000a3a5473e8}</SdkMessageId>
      <EventHandlerTypeCode>4602</EventHandlerTypeCode>
      <Stage>10</Stage>
      <IsCustomizable>1</IsCustomizable>
      <IsHidden>0</IsHidden>
      <SupportedDeployment>0</SupportedDeployment>
      <IntroducedVersion>1.0</IntroducedVersion>
      <SdkMessageProcessingStepImages>
        <SdkMessageProcessingStepImage Name="PreImage">
          <SdkMessageProcessingStepImageId>{f388ee98-7a30-e811-8248-08002703f176}</SdkMessageProcessingStepImageId>
          <Attributes>name,primarycontactid,statecode,statuscode</Attributes>
          <EntityAlias>PreImage</EntityAlias>
          <ImageType>0</ImageType>
          <MessagePropertyName>Target</MessagePropertyName>
          <IsCustomizable>1</IsCustomizable>
        </SdkMessageProcessingStepImage>
      </SdkMessageProcessingStepImages>
    </SdkMessageProcessingStep>
  </SdkMessageProcessingSteps>
  <Languages>
    <Language>1033</Language>
  </Languages>
</ImportExportXml>