<ImportExportXml version="8.2.0000.0749" SolutionPackageVersion="8.2" languagecode="1033" generatedBy="OnPremise" xmlns:xsi="http://www.w3.org/2001/XMLSchema-instance">
  <SolutionManifest>
    <UniqueName>AdvancedPluginDemo</UniqueName>
    <LocalizedNames>
      <LocalizedName description="AdvancedPluginDemo" languagecode="1033" />
    </LocalizedNames>
    <Descriptions />
    <Version>1.0.0.0</Version>
    <Managed>0</Managed>
    <Publisher>
      <UniqueName>PavelKhorozhansky</UniqueName>
      <LocalizedNames>
        <LocalizedName description="Pavel Khorozhansky" languagecode="1033" />
      </LocalizedNames>
      <Descriptions>
        <Description description="Pavel Khorozhanksy&#xA;https://github.com/khorozhansky&#xA;Contact email: khorozhansky@gmail.com" languagecode="1033" />
      </Descriptions>
      <EMailAddress>khorozhansky@gmail.com</EMailAddress>
      <SupportingWebsiteUrl>https://github.com/khorozhansky</SupportingWebsiteUrl>
      <CustomizationPrefix>pavelkh</CustomizationPrefix>
      <CustomizationOptionValuePrefix>68659</CustomizationOptionValuePrefix>
      <Addresses>
        <Address>
          <AddressNumber>1</AddressNumber>
          <AddressTypeCode>1</AddressTypeCode>
          <City xsi:nil="true"></City>
          <County xsi:nil="true"></County>
          <Country xsi:nil="true"></Country>
          <Fax xsi:nil="true"></Fax>
          <FreightTermsCode xsi:nil="true"></FreightTermsCode>
          <ImportSequenceNumber xsi:nil="true"></ImportSequenceNumber>
          <Latitude xsi:nil="true"></Latitude>
          <Line1 xsi:nil="true"></Line1>
          <Line2 xsi:nil="true"></Line2>
          <Line3 xsi:nil="true"></Line3>
          <Longitude xsi:nil="true"></Longitude>
          <Name xsi:nil="true"></Name>
          <PostalCode xsi:nil="true"></PostalCode>
          <PostOfficeBox xsi:nil="true"></PostOfficeBox>
          <PrimaryContactName xsi:nil="true"></PrimaryContactName>
          <ShippingMethodCode>1</ShippingMethodCode>
          <StateOrProvince xsi:nil="true"></StateOrProvince>
          <Telephone1 xsi:nil="true"></Telephone1>
          <Telephone2 xsi:nil="true"></Telephone2>
          <Telephone3 xsi:nil="true"></Telephone3>
          <TimeZoneRuleVersionNumber xsi:nil="true"></TimeZoneRuleVersionNumber>
          <UPSZone xsi:nil="true"></UPSZone>
          <UTCOffset xsi:nil="true"></UTCOffset>
          <UTCConversionTimeZoneCode xsi:nil="true"></UTCConversionTimeZoneCode>
        </Address>
        <Address>
          <AddressNumber>2</AddressNumber>
          <AddressTypeCode>1</AddressTypeCode>
          <City xsi:nil="true"></City>
          <County xsi:nil="true"></County>
          <Country xsi:nil="true"></Country>
          <Fax xsi:nil="true"></Fax>
          <FreightTermsCode xsi:nil="true"></FreightTermsCode>
          <ImportSequenceNumber xsi:nil="true"></ImportSequenceNumber>
          <Latitude xsi:nil="true"></Latitude>
          <Line1 xsi:nil="true"></Line1>
          <Line2 xsi:nil="true"></Line2>
          <Line3 xsi:nil="true"></Line3>
          <Longitude xsi:nil="true"></Longitude>
          <Name xsi:nil="true"></Name>
          <PostalCode xsi:nil="true"></PostalCode>
          <PostOfficeBox xsi:nil="true"></PostOfficeBox>
          <PrimaryContactName xsi:nil="true"></PrimaryContactName>
          <ShippingMethodCode>1</ShippingMethodCode>
          <StateOrProvince xsi:nil="true"></StateOrProvince>
          <Telephone1 xsi:nil="true"></Telephone1>
          <Telephone2 xsi:nil="true"></Telephone2>
          <Telephone3 xsi:nil="true"></Telephone3>
          <TimeZoneRuleVersionNumber xsi:nil="true"></TimeZoneRuleVersionNumber>
          <UPSZone xsi:nil="true"></UPSZone>
          <UTCOffset xsi:nil="true"></UTCOffset>
          <UTCConversionTimeZoneCode xsi:nil="true"></UTCConversionTimeZoneCode>
        </Address>
      </Addresses>
    </Publisher>
    <RootComponents>
      <RootComponent type="1" schemaName="account" behavior="2" />
      <RootComponent type="60" id="{6a70f15c-aeb9-4401-bf75-2bae44b37b69}" />
      <RootComponent type="91" schemaName="AdvancedPluginDemo, Version=1.0.0.0, Culture=neutral, PublicKeyToken=f589431ce242b28b" behavior="0" />
      <RootComponent type="92" id="{2966994f-7a30-e811-8248-08002703f176}" behavior="0" />
      <RootComponent type="92" id="{34c00f4c-a231-e811-8248-08002703f176}" behavior="0" />
      <RootComponent type="92" id="{5e9deabe-dd34-e811-824e-08002703f176}" behavior="0" />
      <RootComponent type="92" id="{79e98b1c-e234-e811-824e-08002703f176}" behavior="0" />
      <RootComponent type="92" id="{7e739d5c-7830-e811-8248-08002703f176}" behavior="0" />
      <RootComponent type="92" id="{840e6ff3-7c35-e811-8250-08002703f176}" behavior="0" />
      <RootComponent type="92" id="{8eeec316-e334-e811-824e-08002703f176}" behavior="0" />
      <RootComponent type="92" id="{97fd3097-dd34-e811-824e-08002703f176}" behavior="0" />
      <RootComponent type="92" id="{985037d4-df34-e811-824e-08002703f176}" behavior="0" />
      <RootComponent type="92" id="{ca511738-3531-e811-8248-08002703f176}" behavior="0" />
    </RootComponents>
    <MissingDependencies />
  </SolutionManifest>
</ImportExportXml>