<ImportExportXml version="9.1.0.1117" SolutionPackageVersion="9.1" languagecode="1033" generatedBy="CrmLive" xmlns:xsi="http://www.w3.org/2001/XMLSchema-instance">
  <SolutionManifest>
    <UniqueName>AdvancedPluginDemo</UniqueName>
    <LocalizedNames>
      <LocalizedName description="AdvancedPluginDemo" languagecode="1033" />
    </LocalizedNames>
    <Descriptions />
    <Version>1.0.0.0</Version>
    <Managed>0</Managed>
    <Publisher>
      <UniqueName>PavelKhorozhansky</UniqueName>
      <LocalizedNames>
        <LocalizedName description="Pavel Khorozhansky" languagecode="1033" />
      </LocalizedNames>
      <Descriptions>
        <Description description="Pavel Khorozhanksy&#xA;https://github.com/khorozhansky&#xA;Contact email: khorozhansky@gmail.com" languagecode="1033" />
      </Descriptions>
      <EMailAddress>khorozhansky@gmail.com</EMailAddress>
      <SupportingWebsiteUrl>https://github.com/khorozhansky</SupportingWebsiteUrl>
      <CustomizationPrefix>pavelkh</CustomizationPrefix>
      <CustomizationOptionValuePrefix>68659</CustomizationOptionValuePrefix>
      <Addresses>
        <Address>
          <AddressNumber>1</AddressNumber>
          <AddressTypeCode>1</AddressTypeCode>
          <City xsi:nil="true"></City>
          <County xsi:nil="true"></County>
          <Country xsi:nil="true"></Country>
          <Fax xsi:nil="true"></Fax>
          <FreightTermsCode xsi:nil="true"></FreightTermsCode>
          <ImportSequenceNumber xsi:nil="true"></ImportSequenceNumber>
          <Latitude xsi:nil="true"></Latitude>
          <Line1 xsi:nil="true"></Line1>
          <Line2 xsi:nil="true"></Line2>
          <Line3 xsi:nil="true"></Line3>
          <Longitude xsi:nil="true"></Longitude>
          <Name xsi:nil="true"></Name>
          <PostalCode xsi:nil="true"></PostalCode>
          <PostOfficeBox xsi:nil="true"></PostOfficeBox>
          <PrimaryContactName xsi:nil="true"></PrimaryContactName>
          <ShippingMethodCode>1</ShippingMethodCode>
          <StateOrProvince xsi:nil="true"></StateOrProvince>
          <Telephone1 xsi:nil="true"></Telephone1>
          <Telephone2 xsi:nil="true"></Telephone2>
          <Telephone3 xsi:nil="true"></Telephone3>
          <TimeZoneRuleVersionNumber xsi:nil="true"></TimeZoneRuleVersionNumber>
          <UPSZone xsi:nil="true"></UPSZone>
          <UTCOffset xsi:nil="true"></UTCOffset>
          <UTCConversionTimeZoneCode xsi:nil="true"></UTCConversionTimeZoneCode>
        </Address>
        <Address>
          <AddressNumber>2</AddressNumber>
          <AddressTypeCode>1</AddressTypeCode>
          <City xsi:nil="true"></City>
          <County xsi:nil="true"></County>
          <Country xsi:nil="true"></Country>
          <Fax xsi:nil="true"></Fax>
          <FreightTermsCode xsi:nil="true"></FreightTermsCode>
          <ImportSequenceNumber xsi:nil="true"></ImportSequenceNumber>
          <Latitude xsi:nil="true"></Latitude>
          <Line1 xsi:nil="true"></Line1>
          <Line2 xsi:nil="true"></Line2>
          <Line3 xsi:nil="true"></Line3>
          <Longitude xsi:nil="true"></Longitude>
          <Name xsi:nil="true"></Name>
          <PostalCode xsi:nil="true"></PostalCode>
          <PostOfficeBox xsi:nil="true"></PostOfficeBox>
          <PrimaryContactName xsi:nil="true"></PrimaryContactName>
          <ShippingMethodCode>1</ShippingMethodCode>
          <StateOrProvince xsi:nil="true"></StateOrProvince>
          <Telephone1 xsi:nil="true"></Telephone1>
          <Telephone2 xsi:nil="true"></Telephone2>
          <Telephone3 xsi:nil="true"></Telephone3>
          <TimeZoneRuleVersionNumber xsi:nil="true"></TimeZoneRuleVersionNumber>
          <UPSZone xsi:nil="true"></UPSZone>
          <UTCOffset xsi:nil="true"></UTCOffset>
          <UTCConversionTimeZoneCode xsi:nil="true"></UTCConversionTimeZoneCode>
        </Address>
      </Addresses>
    </Publisher>
    <RootComponents>
      <RootComponent type="60" id="{6a70f15c-aeb9-4401-bf75-2bae44b37b69}" behavior="0" />
      <RootComponent type="91" id="{13f2953e-02a9-4d7e-a9c2-77b6d65ec709}" schemaName="AdvancedPluginDemo, Version=2.0.0.1, Culture=neutral, PublicKeyToken=f589431ce242b28b" behavior="0" />
      <RootComponent type="92" id="{14c742e3-ff17-e911-a950-000d3a3a1c83}" behavior="0" />
      <RootComponent type="92" id="{2966994f-7a30-e811-8248-08002703f176}" behavior="0" />
      <RootComponent type="92" id="{39857e7d-0018-e911-a952-000d3a43ec06}" behavior="0" />
      <RootComponent type="92" id="{580fa67b-ff17-e911-a94f-000d3a3a161e}" behavior="0" />
      <RootComponent type="92" id="{5e9deabe-dd34-e811-824e-08002703f176}" behavior="0" />
      <RootComponent type="92" id="{79e98b1c-e234-e811-824e-08002703f176}" behavior="0" />
      <RootComponent type="92" id="{7e739d5c-7830-e811-8248-08002703f176}" behavior="0" />
      <RootComponent type="92" id="{8eeec316-e334-e811-824e-08002703f176}" behavior="0" />
      <RootComponent type="92" id="{9557ddd5-ff17-e911-a950-000d3a43ede7}" behavior="0" />
      <RootComponent type="92" id="{97fd3097-dd34-e811-824e-08002703f176}" behavior="0" />
      <RootComponent type="92" id="{985037d4-df34-e811-824e-08002703f176}" behavior="0" />
      <RootComponent type="92" id="{9f477ddf-fe17-e911-a955-000d3a43e7c7}" behavior="0" />
      <RootComponent type="92" id="{ca511738-3531-e811-8248-08002703f176}" behavior="0" />
    </RootComponents>
    <MissingDependencies>
      <MissingDependency>
        <Required key="0" type="1" schemaName="entitlement" displayName="Entitlement" solution="msdynce_Service (9.0.5.56)" />
        <Dependent key="1" type="60" displayName="AdvancedPluginDemo" parentDisplayName="Account" id="{6a70f15c-aeb9-4401-bf75-2bae44b37b69}" />
      </MissingDependency>
      <MissingDependency>
        <Required key="2" type="1" schemaName="opportunity" displayName="Opportunity" solution="msdynce_Sales (9.0.4.0076)" />
        <Dependent key="1" type="60" displayName="AdvancedPluginDemo" parentDisplayName="Account" id="{6a70f15c-aeb9-4401-bf75-2bae44b37b69}" />
      </MissingDependency>
      <MissingDependency>
        <Required key="3" type="1" schemaName="incident" displayName="Case" solution="msdynce_Service (9.0.5.56)" />
        <Dependent key="1" type="60" displayName="AdvancedPluginDemo" parentDisplayName="Account" id="{6a70f15c-aeb9-4401-bf75-2bae44b37b69}" />
      </MissingDependency>
      <MissingDependency>
        <Required key="4" type="2" schemaName="originatingleadid" displayName="Originating Lead" parentSchemaName="account" parentDisplayName="Account" solution="msdynce_LeadManagement (9.0.4.0066)" />
        <Dependent key="1" type="60" displayName="AdvancedPluginDemo" parentDisplayName="Account" id="{6a70f15c-aeb9-4401-bf75-2bae44b37b69}" />
      </MissingDependency>
      <MissingDependency>
        <Required key="5" type="2" schemaName="territoryid" displayName="Territory" parentSchemaName="account" parentDisplayName="Account" solution="msdynce_Sales (9.0.4.0076)" />
        <Dependent key="1" type="60" displayName="AdvancedPluginDemo" parentDisplayName="Account" id="{6a70f15c-aeb9-4401-bf75-2bae44b37b69}" />
      </MissingDependency>
      <MissingDependency>
        <Required key="6" type="26" schemaName="All Cases for Customer" displayName="All Cases for Customer" parentSchemaName="incident" parentDisplayName="Case" solution="msdynce_Service (9.0.5.56)" id="{00000000-0000-0000-00aa-000010001039}" />
        <Dependent key="1" type="60" displayName="AdvancedPluginDemo" parentDisplayName="Account" id="{6a70f15c-aeb9-4401-bf75-2bae44b37b69}" />
      </MissingDependency>
      <MissingDependency>
        <Required key="7" type="26" schemaName="My Open Opportunities" displayName="My Open Opportunities" parentSchemaName="opportunity" parentDisplayName="Opportunity" solution="msdynce_Sales (9.0.4.0076)" id="{00000000-0000-0000-00aa-000010003000}" />
        <Dependent key="1" type="60" displayName="AdvancedPluginDemo" parentDisplayName="Account" id="{6a70f15c-aeb9-4401-bf75-2bae44b37b69}" />
      </MissingDependency>
      <MissingDependency>
        <Required key="8" type="26" schemaName="Account Entitlements" displayName="Account Entitlements" parentSchemaName="entitlement" parentDisplayName="Entitlement" solution="msdynce_Service (9.0.5.56)" id="{961bf8aa-042f-4f4d-bcca-935bfc9a6994}" />
        <Dependent key="1" type="60" displayName="AdvancedPluginDemo" parentDisplayName="Account" id="{6a70f15c-aeb9-4401-bf75-2bae44b37b69}" />
      </MissingDependency>
      <MissingDependency>
        <Required key="9" type="26" schemaName="Recent Opportunities" displayName="Recent Opportunities" parentSchemaName="opportunity" parentDisplayName="Opportunity" solution="msdynce_Sales (9.0.4.0076)" id="{9c3f7ee8-eca7-e211-9fb6-00155dd0ea05}" />
        <Dependent key="1" type="60" displayName="AdvancedPluginDemo" parentDisplayName="Account" id="{6a70f15c-aeb9-4401-bf75-2bae44b37b69}" />
      </MissingDependency>
      <MissingDependency>
        <Required key="10" type="59" schemaName="Top Customers" displayName="Top Customers" parentSchemaName="opportunity" parentDisplayName="Opportunity" solution="msdynce_Sales (9.0.4.0076)" id="{8bc5fb18-48f2-4782-9e16-3d452fa4ddce}" />
        <Dependent key="1" type="60" displayName="AdvancedPluginDemo" parentDisplayName="Account" id="{6a70f15c-aeb9-4401-bf75-2bae44b37b69}" />
      </MissingDependency>
      <MissingDependency>
        <Required key="11" type="60" displayName="account contact card" parentDisplayName="Contact" solution="msdynce_AppCommon (9.0.4.0066)" id="{29de27bc-a257-4f29-99cf-bab4a84e688f}" />
        <Dependent key="1" type="60" displayName="AdvancedPluginDemo" parentDisplayName="Account" id="{6a70f15c-aeb9-4401-bf75-2bae44b37b69}" />
      </MissingDependency>
    </MissingDependencies>
  </SolutionManifest>
</ImportExportXml>